[debug] [2026-03-21T09:45:32.054Z] [Firebase Plugin] Activating Firebase extension.
[info] [Firebase Plugin] Checked firebase-tools, is up to date!
[debug] [2026-03-21T09:45:34.989Z] [Firebase Plugin] requireAuthWrapper
[debug] [2026-03-21T09:45:34.990Z] > command requires scopes: ["email","openid","https://www.googleapis.com/auth/cloudplatformprojects.readonly","https://www.googleapis.com/auth/firebase","https://www.googleapis.com/auth/cloud-platform"]
[debug] [2026-03-21T09:45:34.991Z] > authorizing via signed-in user (robbegillis@gmail.com)
[debug] [2026-03-21T09:45:34.992Z] Checked if tokens are valid: false, expires at: 1774046519899
[debug] [2026-03-21T09:45:34.992Z] Checked if tokens are valid: false, expires at: 1774046519899
[debug] [2026-03-21T09:45:34.993Z] > refreshing access token with scopes: []
[debug] [2026-03-21T09:45:34.994Z] >>> [apiv2][query] POST https://www.googleapis.com/oauth2/v3/token [none]
[debug] [2026-03-21T09:45:34.994Z] >>> [apiv2][body] POST https://www.googleapis.com/oauth2/v3/token [omitted]
[debug] [2026-03-21T09:45:34.998Z] [Firebase Plugin] VSCode notification server listening on port 40001
[debug] [2026-03-21T09:45:35.251Z] Object "" in "firebase.json" has unknown property: {"additionalProperty":"flutter"}
[info] [Firebase Plugin] Starting Data Connect toolkit (version 3.2.1) on port 50001
[debug] [2026-03-21T09:45:35.439Z] 'fdc build' failed with error: Unable to build your Data Connect schema and connectors (exit code 1): E0321 10:45:35.436668   14512 cmd.go:43] Error loading data connect config: could not find dataconnect.yaml in `c:\Users\Robbe\Documents\Touch-grass\Touch-Grass\dataconnect`
 {"metadata":{"emulator":{"name":"dataconnect"},"message":"'fdc build' failed with error: Unable to build your Data Connect schema and connectors (exit code 1): E0321 10:45:35.436668   14512 cmd.go:43] Error loading data connect config: could not find dataconnect.yaml in `c:\\Users\\Robbe\\Documents\\Touch-grass\\Touch-Grass\\dataconnect`\n"}}
[debug] [2026-03-21T09:45:35.440Z] Ignoring unsupported arg: auto_download {"metadata":{"emulator":{"name":"dataconnect"},"message":"Ignoring unsupported arg: auto_download"}}
[debug] [2026-03-21T09:45:35.440Z] Ignoring unsupported arg: port {"metadata":{"emulator":{"name":"dataconnect"},"message":"Ignoring unsupported arg: port"}}
[debug] [2026-03-21T09:45:35.440Z] Starting Data Connect Emulator with command {"binary":"C:\\Users\\Robbe\\.cache\\firebase\\emulators\\dataconnect-emulator-3.2.1.exe","args":["--logtostderr","-v=2","dev","--listen=localhost:50001","--config_dir=c:\\Users\\Robbe\\Documents\\Touch-grass\\Touch-Grass\\dataconnect","--enable_output_schema_extensions=true","--enable_output_generated_sdk=true"],"optionalArgs":["listen","config_dir","enable_output_schema_extensions","enable_output_generated_sdk"],"joinArgs":true,"shell":false,"port":9399} {"metadata":{"emulator":{"name":"dataconnect"},"message":"Starting Data Connect Emulator with command {\"binary\":\"C:\\\\Users\\\\Robbe\\\\.cache\\\\firebase\\\\emulators\\\\dataconnect-emulator-3.2.1.exe\",\"args\":[\"--logtostderr\",\"-v=2\",\"dev\",\"--listen=localhost:50001\",\"--config_dir=c:\\\\Users\\\\Robbe\\\\Documents\\\\Touch-grass\\\\Touch-Grass\\\\dataconnect\",\"--enable_output_schema_extensions=true\",\"--enable_output_generated_sdk=true\"],\"optionalArgs\":[\"listen\",\"config_dir\",\"enable_output_schema_extensions\",\"enable_output_generated_sdk\"],\"joinArgs\":true,\"shell\":false,\"port\":9399}"}}
[info] i  dataconnect: Data Connect Emulator logging to dataconnect-debug.log {"metadata":{"emulator":{"name":"dataconnect"},"message":"Data Connect Emulator logging to \u001b[1mdataconnect-debug.log\u001b[22m"}}
[debug] [2026-03-21T09:45:35.577Z] E0321 10:45:35.558598    9596 dev.go:83] Failed to load initial config from "c:\\Users\\Robbe\\Documents\\Touch-grass\\Touch-Grass\\dataconnect": could not find dataconnect.yaml in `c:\Users\Robbe\Documents\Touch-grass\Touch-Grass\dataconnect`
E0321 10:45:35.559598    9596 watch.go:116] watchAllDir unable to walk dir `c:\Users\Robbe\Documents\Touch-grass\Touch-Grass\dataconnect`: CreateFile c:\Users\Robbe\Documents\Touch-grass\Touch-Grass\dataconnect: The system cannot find the file specified.
I0321 10:45:35.567599    9596 dev.go:104] Listening on address (HTTP + gRPC): 127.0.0.1:50001
 {"metadata":{"emulator":{"name":"dataconnect"},"message":"E0321 10:45:35.558598    9596 dev.go:83] Failed to load initial config from \"c:\\\\Users\\\\Robbe\\\\Documents\\\\Touch-grass\\\\Touch-Grass\\\\dataconnect\": could not find dataconnect.yaml in `c:\\Users\\Robbe\\Documents\\Touch-grass\\Touch-Grass\\dataconnect`\nE0321 10:45:35.559598    9596 watch.go:116] watchAllDir unable to walk dir `c:\\Users\\Robbe\\Documents\\Touch-grass\\Touch-Grass\\dataconnect`: CreateFile c:\\Users\\Robbe\\Documents\\Touch-grass\\Touch-Grass\\dataconnect: The system cannot find the file specified.\nI0321 10:45:35.567599    9596 dev.go:104] Listening on address (HTTP + gRPC): 127.0.0.1:50001\n"}}
[debug] [2026-03-21T09:45:35.584Z] <<< [apiv2][status] POST https://www.googleapis.com/oauth2/v3/token 200
[debug] [2026-03-21T09:45:35.584Z] <<< [apiv2][body] POST https://www.googleapis.com/oauth2/v3/token [omitted]
[debug] [2026-03-21T09:45:35.601Z] [Firebase Plugin] User found:  robbegillis@gmail.com
[info] [Firebase Plugin] (Core:Project) New user detected, fetching projects
[debug] [2026-03-21T09:45:35.602Z] Checked if tokens are valid: true, expires at: 1774089934584
[debug] [2026-03-21T09:45:35.603Z] >>> [apiv2][query] GET https://firebase.googleapis.com/v1beta1/projects pageSize=1000
[error] [Firebase Plugin] error:  {}
[debug] [2026-03-21T09:45:36.236Z] <<< [apiv2][status] GET https://firebase.googleapis.com/v1beta1/projects 200
[debug] [2026-03-21T09:45:36.236Z] <<< [apiv2][body] GET https://firebase.googleapis.com/v1beta1/projects [omitted]
[debug] [2026-03-21T09:45:45.560Z] E0321 10:45:45.560305    9596 watch.go:40] Failed to load config from "c:\\Users\\Robbe\\Documents\\Touch-grass\\Touch-Grass\\dataconnect": could not find dataconnect.yaml in `c:\Users\Robbe\Documents\Touch-grass\Touch-Grass\dataconnect`
 {"metadata":{"emulator":{"name":"dataconnect"},"message":"E0321 10:45:45.560305    9596 watch.go:40] Failed to load config from \"c:\\\\Users\\\\Robbe\\\\Documents\\\\Touch-grass\\\\Touch-Grass\\\\dataconnect\": could not find dataconnect.yaml in `c:\\Users\\Robbe\\Documents\\Touch-grass\\Touch-Grass\\dataconnect`\n"}}
[debug] [2026-03-21T09:45:55.560Z] E0321 10:45:55.560119    9596 watch.go:40] Failed to load config from "c:\\Users\\Robbe\\Documents\\Touch-grass\\Touch-Grass\\dataconnect": could not find dataconnect.yaml in `c:\Users\Robbe\Documents\Touch-grass\Touch-Grass\dataconnect`
 {"metadata":{"emulator":{"name":"dataconnect"},"message":"E0321 10:45:55.560119    9596 watch.go:40] Failed to load config from \"c:\\\\Users\\\\Robbe\\\\Documents\\\\Touch-grass\\\\Touch-Grass\\\\dataconnect\": could not find dataconnect.yaml in `c:\\Users\\Robbe\\Documents\\Touch-grass\\Touch-Grass\\dataconnect`\n"}}
[debug] [2026-03-21T09:46:05.560Z] E0321 10:46:05.560507    9596 watch.go:40] Failed to load config from "c:\\Users\\Robbe\\Documents\\Touch-grass\\Touch-Grass\\dataconnect": could not find dataconnect.yaml in `c:\Users\Robbe\Documents\Touch-grass\Touch-Grass\dataconnect`
 {"metadata":{"emulator":{"name":"dataconnect"},"message":"E0321 10:46:05.560507    9596 watch.go:40] Failed to load config from \"c:\\\\Users\\\\Robbe\\\\Documents\\\\Touch-grass\\\\Touch-Grass\\\\dataconnect\": could not find dataconnect.yaml in `c:\\Users\\Robbe\\Documents\\Touch-grass\\Touch-Grass\\dataconnect`\n"}}
[debug] [2026-03-21T09:46:15.560Z] E0321 10:46:15.560335    9596 watch.go:40] Failed to load config from "c:\\Users\\Robbe\\Documents\\Touch-grass\\Touch-Grass\\dataconnect": could not find dataconnect.yaml in `c:\Users\Robbe\Documents\Touch-grass\Touch-Grass\dataconnect`
 {"metadata":{"emulator":{"name":"dataconnect"},"message":"E0321 10:46:15.560335    9596 watch.go:40] Failed to load config from \"c:\\\\Users\\\\Robbe\\\\Documents\\\\Touch-grass\\\\Touch-Grass\\\\dataconnect\": could not find dataconnect.yaml in `c:\\Users\\Robbe\\Documents\\Touch-grass\\Touch-Grass\\dataconnect`\n"}}
[debug] [2026-03-21T09:46:25.561Z] E0321 10:46:25.561815    9596 watch.go:40] Failed to load config from "c:\\Users\\Robbe\\Documents\\Touch-grass\\Touch-Grass\\dataconnect": could not find dataconnect.yaml in `c:\Users\Robbe\Documents\Touch-grass\Touch-Grass\dataconnect`
 {"metadata":{"emulator":{"name":"dataconnect"},"message":"E0321 10:46:25.561815    9596 watch.go:40] Failed to load config from \"c:\\\\Users\\\\Robbe\\\\Documents\\\\Touch-grass\\\\Touch-Grass\\\\dataconnect\": could not find dataconnect.yaml in `c:\\Users\\Robbe\\Documents\\Touch-grass\\Touch-Grass\\dataconnect`\n"}}
[debug] [2026-03-21T09:46:35.560Z] E0321 10:46:35.560281    9596 watch.go:116] watchAllDir unable to walk dir `c:\Users\Robbe\Documents\Touch-grass\Touch-Grass\dataconnect`: CreateFile c:\Users\Robbe\Documents\Touch-grass\Touch-Grass\dataconnect: The system cannot find the file specified.
 {"metadata":{"emulator":{"name":"dataconnect"},"message":"E0321 10:46:35.560281    9596 watch.go:116] watchAllDir unable to walk dir `c:\\Users\\Robbe\\Documents\\Touch-grass\\Touch-Grass\\dataconnect`: CreateFile c:\\Users\\Robbe\\Documents\\Touch-grass\\Touch-Grass\\dataconnect: The system cannot find the file specified.\n"}}
[debug] [2026-03-21T09:46:35.560Z] E0321 10:46:35.560281    9596 watch.go:40] Failed to load config from "c:\\Users\\Robbe\\Documents\\Touch-grass\\Touch-Grass\\dataconnect": could not find dataconnect.yaml in `c:\Users\Robbe\Documents\Touch-grass\Touch-Grass\dataconnect`
 {"metadata":{"emulator":{"name":"dataconnect"},"message":"E0321 10:46:35.560281    9596 watch.go:40] Failed to load config from \"c:\\\\Users\\\\Robbe\\\\Documents\\\\Touch-grass\\\\Touch-Grass\\\\dataconnect\": could not find dataconnect.yaml in `c:\\Users\\Robbe\\Documents\\Touch-grass\\Touch-Grass\\dataconnect`\n"}}
[debug] [2026-03-21T09:46:45.560Z] E0321 10:46:45.560558    9596 watch.go:40] Failed to load config from "c:\\Users\\Robbe\\Documents\\Touch-grass\\Touch-Grass\\dataconnect": could not find dataconnect.yaml in `c:\Users\Robbe\Documents\Touch-grass\Touch-Grass\dataconnect`
 {"metadata":{"emulator":{"name":"dataconnect"},"message":"E0321 10:46:45.560558    9596 watch.go:40] Failed to load config from \"c:\\\\Users\\\\Robbe\\\\Documents\\\\Touch-grass\\\\Touch-Grass\\\\dataconnect\": could not find dataconnect.yaml in `c:\\Users\\Robbe\\Documents\\Touch-grass\\Touch-Grass\\dataconnect`\n"}}
[debug] [2026-03-21T09:46:55.560Z] E0321 10:46:55.560289    9596 watch.go:40] Failed to load config from "c:\\Users\\Robbe\\Documents\\Touch-grass\\Touch-Grass\\dataconnect": could not find dataconnect.yaml in `c:\Users\Robbe\Documents\Touch-grass\Touch-Grass\dataconnect`
 {"metadata":{"emulator":{"name":"dataconnect"},"message":"E0321 10:46:55.560289    9596 watch.go:40] Failed to load config from \"c:\\\\Users\\\\Robbe\\\\Documents\\\\Touch-grass\\\\Touch-Grass\\\\dataconnect\": could not find dataconnect.yaml in `c:\\Users\\Robbe\\Documents\\Touch-grass\\Touch-Grass\\dataconnect`\n"}}
[debug] [2026-03-21T09:47:05.560Z] E0321 10:47:05.560269    9596 watch.go:40] Failed to load config from "c:\\Users\\Robbe\\Documents\\Touch-grass\\Touch-Grass\\dataconnect": could not find dataconnect.yaml in `c:\Users\Robbe\Documents\Touch-grass\Touch-Grass\dataconnect`
 {"metadata":{"emulator":{"name":"dataconnect"},"message":"E0321 10:47:05.560269    9596 watch.go:40] Failed to load config from \"c:\\\\Users\\\\Robbe\\\\Documents\\\\Touch-grass\\\\Touch-Grass\\\\dataconnect\": could not find dataconnect.yaml in `c:\\Users\\Robbe\\Documents\\Touch-grass\\Touch-Grass\\dataconnect`\n"}}
[debug] [2026-03-21T09:47:15.560Z] E0321 10:47:15.560765    9596 watch.go:40] Failed to load config from "c:\\Users\\Robbe\\Documents\\Touch-grass\\Touch-Grass\\dataconnect": could not find dataconnect.yaml in `c:\Users\Robbe\Documents\Touch-grass\Touch-Grass\dataconnect`
 {"metadata":{"emulator":{"name":"dataconnect"},"message":"E0321 10:47:15.560765    9596 watch.go:40] Failed to load config from \"c:\\\\Users\\\\Robbe\\\\Documents\\\\Touch-grass\\\\Touch-Grass\\\\dataconnect\": could not find dataconnect.yaml in `c:\\Users\\Robbe\\Documents\\Touch-grass\\Touch-Grass\\dataconnect`\n"}}
[debug] [2026-03-21T09:47:25.563Z] E0321 10:47:25.563347    9596 watch.go:40] Failed to load config from "c:\\Users\\Robbe\\Documents\\Touch-grass\\Touch-Grass\\dataconnect": could not find dataconnect.yaml in `c:\Users\Robbe\Documents\Touch-grass\Touch-Grass\dataconnect`
 {"metadata":{"emulator":{"name":"dataconnect"},"message":"E0321 10:47:25.563347    9596 watch.go:40] Failed to load config from \"c:\\\\Users\\\\Robbe\\\\Documents\\\\Touch-grass\\\\Touch-Grass\\\\dataconnect\": could not find dataconnect.yaml in `c:\\Users\\Robbe\\Documents\\Touch-grass\\Touch-Grass\\dataconnect`\n"}}
[debug] [2026-03-21T09:47:35.560Z] E0321 10:47:35.560338    9596 watch.go:116] watchAllDir unable to walk dir `c:\Users\Robbe\Documents\Touch-grass\Touch-Grass\dataconnect`: CreateFile c:\Users\Robbe\Documents\Touch-grass\Touch-Grass\dataconnect: The system cannot find the file specified.
 {"metadata":{"emulator":{"name":"dataconnect"},"message":"E0321 10:47:35.560338    9596 watch.go:116] watchAllDir unable to walk dir `c:\\Users\\Robbe\\Documents\\Touch-grass\\Touch-Grass\\dataconnect`: CreateFile c:\\Users\\Robbe\\Documents\\Touch-grass\\Touch-Grass\\dataconnect: The system cannot find the file specified.\n"}}
[debug] [2026-03-21T09:47:35.560Z] E0321 10:47:35.560338    9596 watch.go:40] Failed to load config from "c:\\Users\\Robbe\\Documents\\Touch-grass\\Touch-Grass\\dataconnect": could not find dataconnect.yaml in `c:\Users\Robbe\Documents\Touch-grass\Touch-Grass\dataconnect`
 {"metadata":{"emulator":{"name":"dataconnect"},"message":"E0321 10:47:35.560338    9596 watch.go:40] Failed to load config from \"c:\\\\Users\\\\Robbe\\\\Documents\\\\Touch-grass\\\\Touch-Grass\\\\dataconnect\": could not find dataconnect.yaml in `c:\\Users\\Robbe\\Documents\\Touch-grass\\Touch-Grass\\dataconnect`\n"}}
[debug] [2026-03-21T09:47:45.561Z] E0321 10:47:45.561467    9596 watch.go:40] Failed to load config from "c:\\Users\\Robbe\\Documents\\Touch-grass\\Touch-Grass\\dataconnect": could not find dataconnect.yaml in `c:\Users\Robbe\Documents\Touch-grass\Touch-Grass\dataconnect`
 {"metadata":{"emulator":{"name":"dataconnect"},"message":"E0321 10:47:45.561467    9596 watch.go:40] Failed to load config from \"c:\\\\Users\\\\Robbe\\\\Documents\\\\Touch-grass\\\\Touch-Grass\\\\dataconnect\": could not find dataconnect.yaml in `c:\\Users\\Robbe\\Documents\\Touch-grass\\Touch-Grass\\dataconnect`\n"}}
[debug] [2026-03-21T09:47:55.560Z] E0321 10:47:55.560436    9596 watch.go:40] Failed to load config from "c:\\Users\\Robbe\\Documents\\Touch-grass\\Touch-Grass\\dataconnect": could not find dataconnect.yaml in `c:\Users\Robbe\Documents\Touch-grass\Touch-Grass\dataconnect`
 {"metadata":{"emulator":{"name":"dataconnect"},"message":"E0321 10:47:55.560436    9596 watch.go:40] Failed to load config from \"c:\\\\Users\\\\Robbe\\\\Documents\\\\Touch-grass\\\\Touch-Grass\\\\dataconnect\": could not find dataconnect.yaml in `c:\\Users\\Robbe\\Documents\\Touch-grass\\Touch-Grass\\dataconnect`\n"}}
[debug] [2026-03-21T09:48:05.560Z] E0321 10:48:05.560306    9596 watch.go:40] Failed to load config from "c:\\Users\\Robbe\\Documents\\Touch-grass\\Touch-Grass\\dataconnect": could not find dataconnect.yaml in `c:\Users\Robbe\Documents\Touch-grass\Touch-Grass\dataconnect`
 {"metadata":{"emulator":{"name":"dataconnect"},"message":"E0321 10:48:05.560306    9596 watch.go:40] Failed to load config from \"c:\\\\Users\\\\Robbe\\\\Documents\\\\Touch-grass\\\\Touch-Grass\\\\dataconnect\": could not find dataconnect.yaml in `c:\\Users\\Robbe\\Documents\\Touch-grass\\Touch-Grass\\dataconnect`\n"}}
[debug] [2026-03-21T09:48:15.560Z] E0321 10:48:15.560480    9596 watch.go:40] Failed to load config from "c:\\Users\\Robbe\\Documents\\Touch-grass\\Touch-Grass\\dataconnect": could not find dataconnect.yaml in `c:\Users\Robbe\Documents\Touch-grass\Touch-Grass\dataconnect`
 {"metadata":{"emulator":{"name":"dataconnect"},"message":"E0321 10:48:15.560480    9596 watch.go:40] Failed to load config from \"c:\\\\Users\\\\Robbe\\\\Documents\\\\Touch-grass\\\\Touch-Grass\\\\dataconnect\": could not find dataconnect.yaml in `c:\\Users\\Robbe\\Documents\\Touch-grass\\Touch-Grass\\dataconnect`\n"}}
[debug] [2026-03-21T09:48:25.561Z] E0321 10:48:25.561722    9596 watch.go:40] Failed to load config from "c:\\Users\\Robbe\\Documents\\Touch-grass\\Touch-Grass\\dataconnect": could not find dataconnect.yaml in `c:\Users\Robbe\Documents\Touch-grass\Touch-Grass\dataconnect`
 {"metadata":{"emulator":{"name":"dataconnect"},"message":"E0321 10:48:25.561722    9596 watch.go:40] Failed to load config from \"c:\\\\Users\\\\Robbe\\\\Documents\\\\Touch-grass\\\\Touch-Grass\\\\dataconnect\": could not find dataconnect.yaml in `c:\\Users\\Robbe\\Documents\\Touch-grass\\Touch-Grass\\dataconnect`\n"}}
[debug] [2026-03-21T09:48:35.560Z] E0321 10:48:35.560473    9596 watch.go:40] Failed to load config from "c:\\Users\\Robbe\\Documents\\Touch-grass\\Touch-Grass\\dataconnect": could not find dataconnect.yaml in `c:\Users\Robbe\Documents\Touch-grass\Touch-Grass\dataconnect`
 {"metadata":{"emulator":{"name":"dataconnect"},"message":"E0321 10:48:35.560473    9596 watch.go:40] Failed to load config from \"c:\\\\Users\\\\Robbe\\\\Documents\\\\Touch-grass\\\\Touch-Grass\\\\dataconnect\": could not find dataconnect.yaml in `c:\\Users\\Robbe\\Documents\\Touch-grass\\Touch-Grass\\dataconnect`\n"}}
[debug] [2026-03-21T09:48:35.561Z] E0321 10:48:35.560473    9596 watch.go:116] watchAllDir unable to walk dir `c:\Users\Robbe\Documents\Touch-grass\Touch-Grass\dataconnect`: CreateFile c:\Users\Robbe\Documents\Touch-grass\Touch-Grass\dataconnect: The system cannot find the file specified.
 {"metadata":{"emulator":{"name":"dataconnect"},"message":"E0321 10:48:35.560473    9596 watch.go:116] watchAllDir unable to walk dir `c:\\Users\\Robbe\\Documents\\Touch-grass\\Touch-Grass\\dataconnect`: CreateFile c:\\Users\\Robbe\\Documents\\Touch-grass\\Touch-Grass\\dataconnect: The system cannot find the file specified.\n"}}
[debug] [2026-03-21T09:48:45.560Z] E0321 10:48:45.560876    9596 watch.go:40] Failed to load config from "c:\\Users\\Robbe\\Documents\\Touch-grass\\Touch-Grass\\dataconnect": could not find dataconnect.yaml in `c:\Users\Robbe\Documents\Touch-grass\Touch-Grass\dataconnect`
 {"metadata":{"emulator":{"name":"dataconnect"},"message":"E0321 10:48:45.560876    9596 watch.go:40] Failed to load config from \"c:\\\\Users\\\\Robbe\\\\Documents\\\\Touch-grass\\\\Touch-Grass\\\\dataconnect\": could not find dataconnect.yaml in `c:\\Users\\Robbe\\Documents\\Touch-grass\\Touch-Grass\\dataconnect`\n"}}
[debug] [2026-03-21T09:48:55.560Z] E0321 10:48:55.560321    9596 watch.go:40] Failed to load config from "c:\\Users\\Robbe\\Documents\\Touch-grass\\Touch-Grass\\dataconnect": could not find dataconnect.yaml in `c:\Users\Robbe\Documents\Touch-grass\Touch-Grass\dataconnect`
 {"metadata":{"emulator":{"name":"dataconnect"},"message":"E0321 10:48:55.560321    9596 watch.go:40] Failed to load config from \"c:\\\\Users\\\\Robbe\\\\Documents\\\\Touch-grass\\\\Touch-Grass\\\\dataconnect\": could not find dataconnect.yaml in `c:\\Users\\Robbe\\Documents\\Touch-grass\\Touch-Grass\\dataconnect`\n"}}
[debug] [2026-03-21T09:49:05.560Z] E0321 10:49:05.560710    9596 watch.go:40] Failed to load config from "c:\\Users\\Robbe\\Documents\\Touch-grass\\Touch-Grass\\dataconnect": could not find dataconnect.yaml in `c:\Users\Robbe\Documents\Touch-grass\Touch-Grass\dataconnect`
 {"metadata":{"emulator":{"name":"dataconnect"},"message":"E0321 10:49:05.560710    9596 watch.go:40] Failed to load config from \"c:\\\\Users\\\\Robbe\\\\Documents\\\\Touch-grass\\\\Touch-Grass\\\\dataconnect\": could not find dataconnect.yaml in `c:\\Users\\Robbe\\Documents\\Touch-grass\\Touch-Grass\\dataconnect`\n"}}
[debug] [2026-03-21T09:49:15.560Z] E0321 10:49:15.560363    9596 watch.go:40] Failed to load config from "c:\\Users\\Robbe\\Documents\\Touch-grass\\Touch-Grass\\dataconnect": could not find dataconnect.yaml in `c:\Users\Robbe\Documents\Touch-grass\Touch-Grass\dataconnect`
 {"metadata":{"emulator":{"name":"dataconnect"},"message":"E0321 10:49:15.560363    9596 watch.go:40] Failed to load config from \"c:\\\\Users\\\\Robbe\\\\Documents\\\\Touch-grass\\\\Touch-Grass\\\\dataconnect\": could not find dataconnect.yaml in `c:\\Users\\Robbe\\Documents\\Touch-grass\\Touch-Grass\\dataconnect`\n"}}
[debug] [2026-03-21T09:49:25.560Z] E0321 10:49:25.560270    9596 watch.go:40] Failed to load config from "c:\\Users\\Robbe\\Documents\\Touch-grass\\Touch-Grass\\dataconnect": could not find dataconnect.yaml in `c:\Users\Robbe\Documents\Touch-grass\Touch-Grass\dataconnect`
 {"metadata":{"emulator":{"name":"dataconnect"},"message":"E0321 10:49:25.560270    9596 watch.go:40] Failed to load config from \"c:\\\\Users\\\\Robbe\\\\Documents\\\\Touch-grass\\\\Touch-Grass\\\\dataconnect\": could not find dataconnect.yaml in `c:\\Users\\Robbe\\Documents\\Touch-grass\\Touch-Grass\\dataconnect`\n"}}
[debug] [2026-03-21T09:49:35.560Z] E0321 10:49:35.560298    9596 watch.go:116] watchAllDir unable to walk dir `c:\Users\Robbe\Documents\Touch-grass\Touch-Grass\dataconnect`: CreateFile c:\Users\Robbe\Documents\Touch-grass\Touch-Grass\dataconnect: The system cannot find the file specified.
 {"metadata":{"emulator":{"name":"dataconnect"},"message":"E0321 10:49:35.560298    9596 watch.go:116] watchAllDir unable to walk dir `c:\\Users\\Robbe\\Documents\\Touch-grass\\Touch-Grass\\dataconnect`: CreateFile c:\\Users\\Robbe\\Documents\\Touch-grass\\Touch-Grass\\dataconnect: The system cannot find the file specified.\n"}}
[debug] [2026-03-21T09:49:35.560Z] E0321 10:49:35.560298    9596 watch.go:40] Failed to load config from "c:\\Users\\Robbe\\Documents\\Touch-grass\\Touch-Grass\\dataconnect": could not find dataconnect.yaml in `c:\Users\Robbe\Documents\Touch-grass\Touch-Grass\dataconnect`
 {"metadata":{"emulator":{"name":"dataconnect"},"message":"E0321 10:49:35.560298    9596 watch.go:40] Failed to load config from \"c:\\\\Users\\\\Robbe\\\\Documents\\\\Touch-grass\\\\Touch-Grass\\\\dataconnect\": could not find dataconnect.yaml in `c:\\Users\\Robbe\\Documents\\Touch-grass\\Touch-Grass\\dataconnect`\n"}}
[debug] [2026-03-21T09:49:45.560Z] E0321 10:49:45.560378    9596 watch.go:40] Failed to load config from "c:\\Users\\Robbe\\Documents\\Touch-grass\\Touch-Grass\\dataconnect": could not find dataconnect.yaml in `c:\Users\Robbe\Documents\Touch-grass\Touch-Grass\dataconnect`
 {"metadata":{"emulator":{"name":"dataconnect"},"message":"E0321 10:49:45.560378    9596 watch.go:40] Failed to load config from \"c:\\\\Users\\\\Robbe\\\\Documents\\\\Touch-grass\\\\Touch-Grass\\\\dataconnect\": could not find dataconnect.yaml in `c:\\Users\\Robbe\\Documents\\Touch-grass\\Touch-Grass\\dataconnect`\n"}}
[debug] [2026-03-21T09:49:55.560Z] E0321 10:49:55.560290    9596 watch.go:40] Failed to load config from "c:\\Users\\Robbe\\Documents\\Touch-grass\\Touch-Grass\\dataconnect": could not find dataconnect.yaml in `c:\Users\Robbe\Documents\Touch-grass\Touch-Grass\dataconnect`
 {"metadata":{"emulator":{"name":"dataconnect"},"message":"E0321 10:49:55.560290    9596 watch.go:40] Failed to load config from \"c:\\\\Users\\\\Robbe\\\\Documents\\\\Touch-grass\\\\Touch-Grass\\\\dataconnect\": could not find dataconnect.yaml in `c:\\Users\\Robbe\\Documents\\Touch-grass\\Touch-Grass\\dataconnect`\n"}}
[debug] [2026-03-21T09:50:05.560Z] E0321 10:50:05.560435    9596 watch.go:40] Failed to load config from "c:\\Users\\Robbe\\Documents\\Touch-grass\\Touch-Grass\\dataconnect": could not find dataconnect.yaml in `c:\Users\Robbe\Documents\Touch-grass\Touch-Grass\dataconnect`
 {"metadata":{"emulator":{"name":"dataconnect"},"message":"E0321 10:50:05.560435    9596 watch.go:40] Failed to load config from \"c:\\\\Users\\\\Robbe\\\\Documents\\\\Touch-grass\\\\Touch-Grass\\\\dataconnect\": could not find dataconnect.yaml in `c:\\Users\\Robbe\\Documents\\Touch-grass\\Touch-Grass\\dataconnect`\n"}}
[debug] [2026-03-21T09:50:15.560Z] E0321 10:50:15.560195    9596 watch.go:40] Failed to load config from "c:\\Users\\Robbe\\Documents\\Touch-grass\\Touch-Grass\\dataconnect": could not find dataconnect.yaml in `c:\Users\Robbe\Documents\Touch-grass\Touch-Grass\dataconnect`
 {"metadata":{"emulator":{"name":"dataconnect"},"message":"E0321 10:50:15.560195    9596 watch.go:40] Failed to load config from \"c:\\\\Users\\\\Robbe\\\\Documents\\\\Touch-grass\\\\Touch-Grass\\\\dataconnect\": could not find dataconnect.yaml in `c:\\Users\\Robbe\\Documents\\Touch-grass\\Touch-Grass\\dataconnect`\n"}}
[debug] [2026-03-21T09:50:25.560Z] E0321 10:50:25.560732    9596 watch.go:40] Failed to load config from "c:\\Users\\Robbe\\Documents\\Touch-grass\\Touch-Grass\\dataconnect": could not find dataconnect.yaml in `c:\Users\Robbe\Documents\Touch-grass\Touch-Grass\dataconnect`
 {"metadata":{"emulator":{"name":"dataconnect"},"message":"E0321 10:50:25.560732    9596 watch.go:40] Failed to load config from \"c:\\\\Users\\\\Robbe\\\\Documents\\\\Touch-grass\\\\Touch-Grass\\\\dataconnect\": could not find dataconnect.yaml in `c:\\Users\\Robbe\\Documents\\Touch-grass\\Touch-Grass\\dataconnect`\n"}}
[debug] [2026-03-21T09:50:35.560Z] E0321 10:50:35.560572    9596 watch.go:116] watchAllDir unable to walk dir `c:\Users\Robbe\Documents\Touch-grass\Touch-Grass\dataconnect`: CreateFile c:\Users\Robbe\Documents\Touch-grass\Touch-Grass\dataconnect: The system cannot find the file specified.
 {"metadata":{"emulator":{"name":"dataconnect"},"message":"E0321 10:50:35.560572    9596 watch.go:116] watchAllDir unable to walk dir `c:\\Users\\Robbe\\Documents\\Touch-grass\\Touch-Grass\\dataconnect`: CreateFile c:\\Users\\Robbe\\Documents\\Touch-grass\\Touch-Grass\\dataconnect: The system cannot find the file specified.\n"}}
[debug] [2026-03-21T09:50:35.561Z] E0321 10:50:35.560572    9596 watch.go:40] Failed to load config from "c:\\Users\\Robbe\\Documents\\Touch-grass\\Touch-Grass\\dataconnect": could not find dataconnect.yaml in `c:\Users\Robbe\Documents\Touch-grass\Touch-Grass\dataconnect`
 {"metadata":{"emulator":{"name":"dataconnect"},"message":"E0321 10:50:35.560572    9596 watch.go:40] Failed to load config from \"c:\\\\Users\\\\Robbe\\\\Documents\\\\Touch-grass\\\\Touch-Grass\\\\dataconnect\": could not find dataconnect.yaml in `c:\\Users\\Robbe\\Documents\\Touch-grass\\Touch-Grass\\dataconnect`\n"}}
[debug] [2026-03-21T09:50:45.561Z] E0321 10:50:45.561245    9596 watch.go:40] Failed to load config from "c:\\Users\\Robbe\\Documents\\Touch-grass\\Touch-Grass\\dataconnect": could not find dataconnect.yaml in `c:\Users\Robbe\Documents\Touch-grass\Touch-Grass\dataconnect`
 {"metadata":{"emulator":{"name":"dataconnect"},"message":"E0321 10:50:45.561245    9596 watch.go:40] Failed to load config from \"c:\\\\Users\\\\Robbe\\\\Documents\\\\Touch-grass\\\\Touch-Grass\\\\dataconnect\": could not find dataconnect.yaml in `c:\\Users\\Robbe\\Documents\\Touch-grass\\Touch-Grass\\dataconnect`\n"}}
[debug] [2026-03-21T09:50:55.560Z] E0321 10:50:55.560525    9596 watch.go:40] Failed to load config from "c:\\Users\\Robbe\\Documents\\Touch-grass\\Touch-Grass\\dataconnect": could not find dataconnect.yaml in `c:\Users\Robbe\Documents\Touch-grass\Touch-Grass\dataconnect`
 {"metadata":{"emulator":{"name":"dataconnect"},"message":"E0321 10:50:55.560525    9596 watch.go:40] Failed to load config from \"c:\\\\Users\\\\Robbe\\\\Documents\\\\Touch-grass\\\\Touch-Grass\\\\dataconnect\": could not find dataconnect.yaml in `c:\\Users\\Robbe\\Documents\\Touch-grass\\Touch-Grass\\dataconnect`\n"}}
[debug] [2026-03-21T09:51:05.560Z] E0321 10:51:05.560464    9596 watch.go:40] Failed to load config from "c:\\Users\\Robbe\\Documents\\Touch-grass\\Touch-Grass\\dataconnect": could not find dataconnect.yaml in `c:\Users\Robbe\Documents\Touch-grass\Touch-Grass\dataconnect`
 {"metadata":{"emulator":{"name":"dataconnect"},"message":"E0321 10:51:05.560464    9596 watch.go:40] Failed to load config from \"c:\\\\Users\\\\Robbe\\\\Documents\\\\Touch-grass\\\\Touch-Grass\\\\dataconnect\": could not find dataconnect.yaml in `c:\\Users\\Robbe\\Documents\\Touch-grass\\Touch-Grass\\dataconnect`\n"}}
[debug] [2026-03-21T09:51:15.560Z] E0321 10:51:15.560231    9596 watch.go:40] Failed to load config from "c:\\Users\\Robbe\\Documents\\Touch-grass\\Touch-Grass\\dataconnect": could not find dataconnect.yaml in `c:\Users\Robbe\Documents\Touch-grass\Touch-Grass\dataconnect`
 {"metadata":{"emulator":{"name":"dataconnect"},"message":"E0321 10:51:15.560231    9596 watch.go:40] Failed to load config from \"c:\\\\Users\\\\Robbe\\\\Documents\\\\Touch-grass\\\\Touch-Grass\\\\dataconnect\": could not find dataconnect.yaml in `c:\\Users\\Robbe\\Documents\\Touch-grass\\Touch-Grass\\dataconnect`\n"}}
[debug] [2026-03-21T09:51:25.560Z] E0321 10:51:25.560462    9596 watch.go:40] Failed to load config from "c:\\Users\\Robbe\\Documents\\Touch-grass\\Touch-Grass\\dataconnect": could not find dataconnect.yaml in `c:\Users\Robbe\Documents\Touch-grass\Touch-Grass\dataconnect`
 {"metadata":{"emulator":{"name":"dataconnect"},"message":"E0321 10:51:25.560462    9596 watch.go:40] Failed to load config from \"c:\\\\Users\\\\Robbe\\\\Documents\\\\Touch-grass\\\\Touch-Grass\\\\dataconnect\": could not find dataconnect.yaml in `c:\\Users\\Robbe\\Documents\\Touch-grass\\Touch-Grass\\dataconnect`\n"}}
[debug] [2026-03-21T09:51:35.560Z] E0321 10:51:35.560256    9596 watch.go:116] watchAllDir unable to walk dir `c:\Users\Robbe\Documents\Touch-grass\Touch-Grass\dataconnect`: CreateFile c:\Users\Robbe\Documents\Touch-grass\Touch-Grass\dataconnect: The system cannot find the file specified.
 {"metadata":{"emulator":{"name":"dataconnect"},"message":"E0321 10:51:35.560256    9596 watch.go:116] watchAllDir unable to walk dir `c:\\Users\\Robbe\\Documents\\Touch-grass\\Touch-Grass\\dataconnect`: CreateFile c:\\Users\\Robbe\\Documents\\Touch-grass\\Touch-Grass\\dataconnect: The system cannot find the file specified.\n"}}
[debug] [2026-03-21T09:51:35.560Z] E0321 10:51:35.560256    9596 watch.go:40] Failed to load config from "c:\\Users\\Robbe\\Documents\\Touch-grass\\Touch-Grass\\dataconnect": could not find dataconnect.yaml in `c:\Users\Robbe\Documents\Touch-grass\Touch-Grass\dataconnect`
 {"metadata":{"emulator":{"name":"dataconnect"},"message":"E0321 10:51:35.560256    9596 watch.go:40] Failed to load config from \"c:\\\\Users\\\\Robbe\\\\Documents\\\\Touch-grass\\\\Touch-Grass\\\\dataconnect\": could not find dataconnect.yaml in `c:\\Users\\Robbe\\Documents\\Touch-grass\\Touch-Grass\\dataconnect`\n"}}
[debug] [2026-03-21T09:51:45.560Z] E0321 10:51:45.560309    9596 watch.go:40] Failed to load config from "c:\\Users\\Robbe\\Documents\\Touch-grass\\Touch-Grass\\dataconnect": could not find dataconnect.yaml in `c:\Users\Robbe\Documents\Touch-grass\Touch-Grass\dataconnect`
 {"metadata":{"emulator":{"name":"dataconnect"},"message":"E0321 10:51:45.560309    9596 watch.go:40] Failed to load config from \"c:\\\\Users\\\\Robbe\\\\Documents\\\\Touch-grass\\\\Touch-Grass\\\\dataconnect\": could not find dataconnect.yaml in `c:\\Users\\Robbe\\Documents\\Touch-grass\\Touch-Grass\\dataconnect`\n"}}
[debug] [2026-03-21T09:51:55.560Z] E0321 10:51:55.560221    9596 watch.go:40] Failed to load config from "c:\\Users\\Robbe\\Documents\\Touch-grass\\Touch-Grass\\dataconnect": could not find dataconnect.yaml in `c:\Users\Robbe\Documents\Touch-grass\Touch-Grass\dataconnect`
 {"metadata":{"emulator":{"name":"dataconnect"},"message":"E0321 10:51:55.560221    9596 watch.go:40] Failed to load config from \"c:\\\\Users\\\\Robbe\\\\Documents\\\\Touch-grass\\\\Touch-Grass\\\\dataconnect\": could not find dataconnect.yaml in `c:\\Users\\Robbe\\Documents\\Touch-grass\\Touch-Grass\\dataconnect`\n"}}
[debug] [2026-03-21T09:52:05.560Z] E0321 10:52:05.560537    9596 watch.go:40] Failed to load config from "c:\\Users\\Robbe\\Documents\\Touch-grass\\Touch-Grass\\dataconnect": could not find dataconnect.yaml in `c:\Users\Robbe\Documents\Touch-grass\Touch-Grass\dataconnect`
 {"metadata":{"emulator":{"name":"dataconnect"},"message":"E0321 10:52:05.560537    9596 watch.go:40] Failed to load config from \"c:\\\\Users\\\\Robbe\\\\Documents\\\\Touch-grass\\\\Touch-Grass\\\\dataconnect\": could not find dataconnect.yaml in `c:\\Users\\Robbe\\Documents\\Touch-grass\\Touch-Grass\\dataconnect`\n"}}
[debug] [2026-03-21T09:52:15.560Z] E0321 10:52:15.560355    9596 watch.go:40] Failed to load config from "c:\\Users\\Robbe\\Documents\\Touch-grass\\Touch-Grass\\dataconnect": could not find dataconnect.yaml in `c:\Users\Robbe\Documents\Touch-grass\Touch-Grass\dataconnect`
 {"metadata":{"emulator":{"name":"dataconnect"},"message":"E0321 10:52:15.560355    9596 watch.go:40] Failed to load config from \"c:\\\\Users\\\\Robbe\\\\Documents\\\\Touch-grass\\\\Touch-Grass\\\\dataconnect\": could not find dataconnect.yaml in `c:\\Users\\Robbe\\Documents\\Touch-grass\\Touch-Grass\\dataconnect`\n"}}
[debug] [2026-03-21T09:52:25.561Z] E0321 10:52:25.560580    9596 watch.go:40] Failed to load config from "c:\\Users\\Robbe\\Documents\\Touch-grass\\Touch-Grass\\dataconnect": could not find dataconnect.yaml in `c:\Users\Robbe\Documents\Touch-grass\Touch-Grass\dataconnect`
 {"metadata":{"emulator":{"name":"dataconnect"},"message":"E0321 10:52:25.560580    9596 watch.go:40] Failed to load config from \"c:\\\\Users\\\\Robbe\\\\Documents\\\\Touch-grass\\\\Touch-Grass\\\\dataconnect\": could not find dataconnect.yaml in `c:\\Users\\Robbe\\Documents\\Touch-grass\\Touch-Grass\\dataconnect`\n"}}
[debug] [2026-03-21T09:52:35.560Z] E0321 10:52:35.560216    9596 watch.go:116] watchAllDir unable to walk dir `c:\Users\Robbe\Documents\Touch-grass\Touch-Grass\dataconnect`: CreateFile c:\Users\Robbe\Documents\Touch-grass\Touch-Grass\dataconnect: The system cannot find the file specified.
 {"metadata":{"emulator":{"name":"dataconnect"},"message":"E0321 10:52:35.560216    9596 watch.go:116] watchAllDir unable to walk dir `c:\\Users\\Robbe\\Documents\\Touch-grass\\Touch-Grass\\dataconnect`: CreateFile c:\\Users\\Robbe\\Documents\\Touch-grass\\Touch-Grass\\dataconnect: The system cannot find the file specified.\n"}}
[debug] [2026-03-21T09:52:35.560Z] E0321 10:52:35.560216    9596 watch.go:40] Failed to load config from "c:\\Users\\Robbe\\Documents\\Touch-grass\\Touch-Grass\\dataconnect": could not find dataconnect.yaml in `c:\Users\Robbe\Documents\Touch-grass\Touch-Grass\dataconnect`
 {"metadata":{"emulator":{"name":"dataconnect"},"message":"E0321 10:52:35.560216    9596 watch.go:40] Failed to load config from \"c:\\\\Users\\\\Robbe\\\\Documents\\\\Touch-grass\\\\Touch-Grass\\\\dataconnect\": could not find dataconnect.yaml in `c:\\Users\\Robbe\\Documents\\Touch-grass\\Touch-Grass\\dataconnect`\n"}}
[debug] [2026-03-21T09:52:45.560Z] E0321 10:52:45.560125    9596 watch.go:40] Failed to load config from "c:\\Users\\Robbe\\Documents\\Touch-grass\\Touch-Grass\\dataconnect": could not find dataconnect.yaml in `c:\Users\Robbe\Documents\Touch-grass\Touch-Grass\dataconnect`
 {"metadata":{"emulator":{"name":"dataconnect"},"message":"E0321 10:52:45.560125    9596 watch.go:40] Failed to load config from \"c:\\\\Users\\\\Robbe\\\\Documents\\\\Touch-grass\\\\Touch-Grass\\\\dataconnect\": could not find dataconnect.yaml in `c:\\Users\\Robbe\\Documents\\Touch-grass\\Touch-Grass\\dataconnect`\n"}}
[debug] [2026-03-21T09:52:55.560Z] E0321 10:52:55.560152    9596 watch.go:40] Failed to load config from "c:\\Users\\Robbe\\Documents\\Touch-grass\\Touch-Grass\\dataconnect": could not find dataconnect.yaml in `c:\Users\Robbe\Documents\Touch-grass\Touch-Grass\dataconnect`
 {"metadata":{"emulator":{"name":"dataconnect"},"message":"E0321 10:52:55.560152    9596 watch.go:40] Failed to load config from \"c:\\\\Users\\\\Robbe\\\\Documents\\\\Touch-grass\\\\Touch-Grass\\\\dataconnect\": could not find dataconnect.yaml in `c:\\Users\\Robbe\\Documents\\Touch-grass\\Touch-Grass\\dataconnect`\n"}}
[debug] [2026-03-21T09:53:05.560Z] E0321 10:53:05.560584    9596 watch.go:40] Failed to load config from "c:\\Users\\Robbe\\Documents\\Touch-grass\\Touch-Grass\\dataconnect": could not find dataconnect.yaml in `c:\Users\Robbe\Documents\Touch-grass\Touch-Grass\dataconnect`
 {"metadata":{"emulator":{"name":"dataconnect"},"message":"E0321 10:53:05.560584    9596 watch.go:40] Failed to load config from \"c:\\\\Users\\\\Robbe\\\\Documents\\\\Touch-grass\\\\Touch-Grass\\\\dataconnect\": could not find dataconnect.yaml in `c:\\Users\\Robbe\\Documents\\Touch-grass\\Touch-Grass\\dataconnect`\n"}}
[debug] [2026-03-21T09:53:15.560Z] E0321 10:53:15.560167    9596 watch.go:40] Failed to load config from "c:\\Users\\Robbe\\Documents\\Touch-grass\\Touch-Grass\\dataconnect": could not find dataconnect.yaml in `c:\Users\Robbe\Documents\Touch-grass\Touch-Grass\dataconnect`
 {"metadata":{"emulator":{"name":"dataconnect"},"message":"E0321 10:53:15.560167    9596 watch.go:40] Failed to load config from \"c:\\\\Users\\\\Robbe\\\\Documents\\\\Touch-grass\\\\Touch-Grass\\\\dataconnect\": could not find dataconnect.yaml in `c:\\Users\\Robbe\\Documents\\Touch-grass\\Touch-Grass\\dataconnect`\n"}}
[debug] [2026-03-21T09:53:25.561Z] E0321 10:53:25.560692    9596 watch.go:40] Failed to load config from "c:\\Users\\Robbe\\Documents\\Touch-grass\\Touch-Grass\\dataconnect": could not find dataconnect.yaml in `c:\Users\Robbe\Documents\Touch-grass\Touch-Grass\dataconnect`
 {"metadata":{"emulator":{"name":"dataconnect"},"message":"E0321 10:53:25.560692    9596 watch.go:40] Failed to load config from \"c:\\\\Users\\\\Robbe\\\\Documents\\\\Touch-grass\\\\Touch-Grass\\\\dataconnect\": could not find dataconnect.yaml in `c:\\Users\\Robbe\\Documents\\Touch-grass\\Touch-Grass\\dataconnect`\n"}}
[debug] [2026-03-21T09:53:35.560Z] E0321 10:53:35.560436    9596 watch.go:116] watchAllDir unable to walk dir `c:\Users\Robbe\Documents\Touch-grass\Touch-Grass\dataconnect`: CreateFile c:\Users\Robbe\Documents\Touch-grass\Touch-Grass\dataconnect: The system cannot find the file specified.
 {"metadata":{"emulator":{"name":"dataconnect"},"message":"E0321 10:53:35.560436    9596 watch.go:116] watchAllDir unable to walk dir `c:\\Users\\Robbe\\Documents\\Touch-grass\\Touch-Grass\\dataconnect`: CreateFile c:\\Users\\Robbe\\Documents\\Touch-grass\\Touch-Grass\\dataconnect: The system cannot find the file specified.\n"}}
[debug] [2026-03-21T09:53:35.560Z] E0321 10:53:35.560436    9596 watch.go:40] Failed to load config from "c:\\Users\\Robbe\\Documents\\Touch-grass\\Touch-Grass\\dataconnect": could not find dataconnect.yaml in `c:\Users\Robbe\Documents\Touch-grass\Touch-Grass\dataconnect`
 {"metadata":{"emulator":{"name":"dataconnect"},"message":"E0321 10:53:35.560436    9596 watch.go:40] Failed to load config from \"c:\\\\Users\\\\Robbe\\\\Documents\\\\Touch-grass\\\\Touch-Grass\\\\dataconnect\": could not find dataconnect.yaml in `c:\\Users\\Robbe\\Documents\\Touch-grass\\Touch-Grass\\dataconnect`\n"}}
[debug] [2026-03-21T09:53:45.560Z] E0321 10:53:45.560542    9596 watch.go:40] Failed to load config from "c:\\Users\\Robbe\\Documents\\Touch-grass\\Touch-Grass\\dataconnect": could not find dataconnect.yaml in `c:\Users\Robbe\Documents\Touch-grass\Touch-Grass\dataconnect`
 {"metadata":{"emulator":{"name":"dataconnect"},"message":"E0321 10:53:45.560542    9596 watch.go:40] Failed to load config from \"c:\\\\Users\\\\Robbe\\\\Documents\\\\Touch-grass\\\\Touch-Grass\\\\dataconnect\": could not find dataconnect.yaml in `c:\\Users\\Robbe\\Documents\\Touch-grass\\Touch-Grass\\dataconnect`\n"}}
[debug] [2026-03-21T09:53:55.560Z] E0321 10:53:55.560615    9596 watch.go:40] Failed to load config from "c:\\Users\\Robbe\\Documents\\Touch-grass\\Touch-Grass\\dataconnect": could not find dataconnect.yaml in `c:\Users\Robbe\Documents\Touch-grass\Touch-Grass\dataconnect`
 {"metadata":{"emulator":{"name":"dataconnect"},"message":"E0321 10:53:55.560615    9596 watch.go:40] Failed to load config from \"c:\\\\Users\\\\Robbe\\\\Documents\\\\Touch-grass\\\\Touch-Grass\\\\dataconnect\": could not find dataconnect.yaml in `c:\\Users\\Robbe\\Documents\\Touch-grass\\Touch-Grass\\dataconnect`\n"}}
[debug] [2026-03-21T09:54:05.560Z] E0321 10:54:05.560301    9596 watch.go:40] Failed to load config from "c:\\Users\\Robbe\\Documents\\Touch-grass\\Touch-Grass\\dataconnect": could not find dataconnect.yaml in `c:\Users\Robbe\Documents\Touch-grass\Touch-Grass\dataconnect`
 {"metadata":{"emulator":{"name":"dataconnect"},"message":"E0321 10:54:05.560301    9596 watch.go:40] Failed to load config from \"c:\\\\Users\\\\Robbe\\\\Documents\\\\Touch-grass\\\\Touch-Grass\\\\dataconnect\": could not find dataconnect.yaml in `c:\\Users\\Robbe\\Documents\\Touch-grass\\Touch-Grass\\dataconnect`\n"}}
[debug] [2026-03-21T09:54:15.560Z] E0321 10:54:15.560194    9596 watch.go:40] Failed to load config from "c:\\Users\\Robbe\\Documents\\Touch-grass\\Touch-Grass\\dataconnect": could not find dataconnect.yaml in `c:\Users\Robbe\Documents\Touch-grass\Touch-Grass\dataconnect`
 {"metadata":{"emulator":{"name":"dataconnect"},"message":"E0321 10:54:15.560194    9596 watch.go:40] Failed to load config from \"c:\\\\Users\\\\Robbe\\\\Documents\\\\Touch-grass\\\\Touch-Grass\\\\dataconnect\": could not find dataconnect.yaml in `c:\\Users\\Robbe\\Documents\\Touch-grass\\Touch-Grass\\dataconnect`\n"}}
[debug] [2026-03-21T09:54:25.560Z] E0321 10:54:25.560333    9596 watch.go:40] Failed to load config from "c:\\Users\\Robbe\\Documents\\Touch-grass\\Touch-Grass\\dataconnect": could not find dataconnect.yaml in `c:\Users\Robbe\Documents\Touch-grass\Touch-Grass\dataconnect`
 {"metadata":{"emulator":{"name":"dataconnect"},"message":"E0321 10:54:25.560333    9596 watch.go:40] Failed to load config from \"c:\\\\Users\\\\Robbe\\\\Documents\\\\Touch-grass\\\\Touch-Grass\\\\dataconnect\": could not find dataconnect.yaml in `c:\\Users\\Robbe\\Documents\\Touch-grass\\Touch-Grass\\dataconnect`\n"}}
[debug] [2026-03-21T09:54:35.560Z] E0321 10:54:35.560444    9596 watch.go:116] watchAllDir unable to walk dir `c:\Users\Robbe\Documents\Touch-grass\Touch-Grass\dataconnect`: CreateFile c:\Users\Robbe\Documents\Touch-grass\Touch-Grass\dataconnect: The system cannot find the file specified.
 {"metadata":{"emulator":{"name":"dataconnect"},"message":"E0321 10:54:35.560444    9596 watch.go:116] watchAllDir unable to walk dir `c:\\Users\\Robbe\\Documents\\Touch-grass\\Touch-Grass\\dataconnect`: CreateFile c:\\Users\\Robbe\\Documents\\Touch-grass\\Touch-Grass\\dataconnect: The system cannot find the file specified.\n"}}
[debug] [2026-03-21T09:54:35.560Z] E0321 10:54:35.560444    9596 watch.go:40] Failed to load config from "c:\\Users\\Robbe\\Documents\\Touch-grass\\Touch-Grass\\dataconnect": could not find dataconnect.yaml in `c:\Users\Robbe\Documents\Touch-grass\Touch-Grass\dataconnect`
 {"metadata":{"emulator":{"name":"dataconnect"},"message":"E0321 10:54:35.560444    9596 watch.go:40] Failed to load config from \"c:\\\\Users\\\\Robbe\\\\Documents\\\\Touch-grass\\\\Touch-Grass\\\\dataconnect\": could not find dataconnect.yaml in `c:\\Users\\Robbe\\Documents\\Touch-grass\\Touch-Grass\\dataconnect`\n"}}
[debug] [2026-03-21T09:54:45.560Z] E0321 10:54:45.560255    9596 watch.go:40] Failed to load config from "c:\\Users\\Robbe\\Documents\\Touch-grass\\Touch-Grass\\dataconnect": could not find dataconnect.yaml in `c:\Users\Robbe\Documents\Touch-grass\Touch-Grass\dataconnect`
 {"metadata":{"emulator":{"name":"dataconnect"},"message":"E0321 10:54:45.560255    9596 watch.go:40] Failed to load config from \"c:\\\\Users\\\\Robbe\\\\Documents\\\\Touch-grass\\\\Touch-Grass\\\\dataconnect\": could not find dataconnect.yaml in `c:\\Users\\Robbe\\Documents\\Touch-grass\\Touch-Grass\\dataconnect`\n"}}
[debug] [2026-03-21T09:54:55.560Z] E0321 10:54:55.560509    9596 watch.go:40] Failed to load config from "c:\\Users\\Robbe\\Documents\\Touch-grass\\Touch-Grass\\dataconnect": could not find dataconnect.yaml in `c:\Users\Robbe\Documents\Touch-grass\Touch-Grass\dataconnect`
 {"metadata":{"emulator":{"name":"dataconnect"},"message":"E0321 10:54:55.560509    9596 watch.go:40] Failed to load config from \"c:\\\\Users\\\\Robbe\\\\Documents\\\\Touch-grass\\\\Touch-Grass\\\\dataconnect\": could not find dataconnect.yaml in `c:\\Users\\Robbe\\Documents\\Touch-grass\\Touch-Grass\\dataconnect`\n"}}
[debug] [2026-03-21T09:55:05.564Z] E0321 10:55:05.560532    9596 watch.go:40] Failed to load config from "c:\\Users\\Robbe\\Documents\\Touch-grass\\Touch-Grass\\dataconnect": could not find dataconnect.yaml in `c:\Users\Robbe\Documents\Touch-grass\Touch-Grass\dataconnect`
 {"metadata":{"emulator":{"name":"dataconnect"},"message":"E0321 10:55:05.560532    9596 watch.go:40] Failed to load config from \"c:\\\\Users\\\\Robbe\\\\Documents\\\\Touch-grass\\\\Touch-Grass\\\\dataconnect\": could not find dataconnect.yaml in `c:\\Users\\Robbe\\Documents\\Touch-grass\\Touch-Grass\\dataconnect`\n"}}
[debug] [2026-03-21T09:55:15.560Z] E0321 10:55:15.560256    9596 watch.go:40] Failed to load config from "c:\\Users\\Robbe\\Documents\\Touch-grass\\Touch-Grass\\dataconnect": could not find dataconnect.yaml in `c:\Users\Robbe\Documents\Touch-grass\Touch-Grass\dataconnect`
 {"metadata":{"emulator":{"name":"dataconnect"},"message":"E0321 10:55:15.560256    9596 watch.go:40] Failed to load config from \"c:\\\\Users\\\\Robbe\\\\Documents\\\\Touch-grass\\\\Touch-Grass\\\\dataconnect\": could not find dataconnect.yaml in `c:\\Users\\Robbe\\Documents\\Touch-grass\\Touch-Grass\\dataconnect`\n"}}
[debug] [2026-03-21T09:55:25.560Z] E0321 10:55:25.560237    9596 watch.go:40] Failed to load config from "c:\\Users\\Robbe\\Documents\\Touch-grass\\Touch-Grass\\dataconnect": could not find dataconnect.yaml in `c:\Users\Robbe\Documents\Touch-grass\Touch-Grass\dataconnect`
 {"metadata":{"emulator":{"name":"dataconnect"},"message":"E0321 10:55:25.560237    9596 watch.go:40] Failed to load config from \"c:\\\\Users\\\\Robbe\\\\Documents\\\\Touch-grass\\\\Touch-Grass\\\\dataconnect\": could not find dataconnect.yaml in `c:\\Users\\Robbe\\Documents\\Touch-grass\\Touch-Grass\\dataconnect`\n"}}
[debug] [2026-03-21T09:55:35.560Z] E0321 10:55:35.560457    9596 watch.go:116] watchAllDir unable to walk dir `c:\Users\Robbe\Documents\Touch-grass\Touch-Grass\dataconnect`: CreateFile c:\Users\Robbe\Documents\Touch-grass\Touch-Grass\dataconnect: The system cannot find the file specified.
 {"metadata":{"emulator":{"name":"dataconnect"},"message":"E0321 10:55:35.560457    9596 watch.go:116] watchAllDir unable to walk dir `c:\\Users\\Robbe\\Documents\\Touch-grass\\Touch-Grass\\dataconnect`: CreateFile c:\\Users\\Robbe\\Documents\\Touch-grass\\Touch-Grass\\dataconnect: The system cannot find the file specified.\n"}}
[debug] [2026-03-21T09:55:35.561Z] E0321 10:55:35.560457    9596 watch.go:40] Failed to load config from "c:\\Users\\Robbe\\Documents\\Touch-grass\\Touch-Grass\\dataconnect": could not find dataconnect.yaml in `c:\Users\Robbe\Documents\Touch-grass\Touch-Grass\dataconnect`
 {"metadata":{"emulator":{"name":"dataconnect"},"message":"E0321 10:55:35.560457    9596 watch.go:40] Failed to load config from \"c:\\\\Users\\\\Robbe\\\\Documents\\\\Touch-grass\\\\Touch-Grass\\\\dataconnect\": could not find dataconnect.yaml in `c:\\Users\\Robbe\\Documents\\Touch-grass\\Touch-Grass\\dataconnect`\n"}}
[debug] [2026-03-21T09:55:45.561Z] E0321 10:55:45.560524    9596 watch.go:40] Failed to load config from "c:\\Users\\Robbe\\Documents\\Touch-grass\\Touch-Grass\\dataconnect": could not find dataconnect.yaml in `c:\Users\Robbe\Documents\Touch-grass\Touch-Grass\dataconnect`
 {"metadata":{"emulator":{"name":"dataconnect"},"message":"E0321 10:55:45.560524    9596 watch.go:40] Failed to load config from \"c:\\\\Users\\\\Robbe\\\\Documents\\\\Touch-grass\\\\Touch-Grass\\\\dataconnect\": could not find dataconnect.yaml in `c:\\Users\\Robbe\\Documents\\Touch-grass\\Touch-Grass\\dataconnect`\n"}}
[debug] [2026-03-21T09:55:55.560Z] E0321 10:55:55.560292    9596 watch.go:40] Failed to load config from "c:\\Users\\Robbe\\Documents\\Touch-grass\\Touch-Grass\\dataconnect": could not find dataconnect.yaml in `c:\Users\Robbe\Documents\Touch-grass\Touch-Grass\dataconnect`
 {"metadata":{"emulator":{"name":"dataconnect"},"message":"E0321 10:55:55.560292    9596 watch.go:40] Failed to load config from \"c:\\\\Users\\\\Robbe\\\\Documents\\\\Touch-grass\\\\Touch-Grass\\\\dataconnect\": could not find dataconnect.yaml in `c:\\Users\\Robbe\\Documents\\Touch-grass\\Touch-Grass\\dataconnect`\n"}}
[debug] [2026-03-21T09:56:05.560Z] E0321 10:56:05.560454    9596 watch.go:40] Failed to load config from "c:\\Users\\Robbe\\Documents\\Touch-grass\\Touch-Grass\\dataconnect": could not find dataconnect.yaml in `c:\Users\Robbe\Documents\Touch-grass\Touch-Grass\dataconnect`
 {"metadata":{"emulator":{"name":"dataconnect"},"message":"E0321 10:56:05.560454    9596 watch.go:40] Failed to load config from \"c:\\\\Users\\\\Robbe\\\\Documents\\\\Touch-grass\\\\Touch-Grass\\\\dataconnect\": could not find dataconnect.yaml in `c:\\Users\\Robbe\\Documents\\Touch-grass\\Touch-Grass\\dataconnect`\n"}}
[debug] [2026-03-21T09:56:15.560Z] E0321 10:56:15.560062    9596 watch.go:40] Failed to load config from "c:\\Users\\Robbe\\Documents\\Touch-grass\\Touch-Grass\\dataconnect": could not find dataconnect.yaml in `c:\Users\Robbe\Documents\Touch-grass\Touch-Grass\dataconnect`
 {"metadata":{"emulator":{"name":"dataconnect"},"message":"E0321 10:56:15.560062    9596 watch.go:40] Failed to load config from \"c:\\\\Users\\\\Robbe\\\\Documents\\\\Touch-grass\\\\Touch-Grass\\\\dataconnect\": could not find dataconnect.yaml in `c:\\Users\\Robbe\\Documents\\Touch-grass\\Touch-Grass\\dataconnect`\n"}}
[debug] [2026-03-21T09:56:25.560Z] E0321 10:56:25.560459    9596 watch.go:40] Failed to load config from "c:\\Users\\Robbe\\Documents\\Touch-grass\\Touch-Grass\\dataconnect": could not find dataconnect.yaml in `c:\Users\Robbe\Documents\Touch-grass\Touch-Grass\dataconnect`
 {"metadata":{"emulator":{"name":"dataconnect"},"message":"E0321 10:56:25.560459    9596 watch.go:40] Failed to load config from \"c:\\\\Users\\\\Robbe\\\\Documents\\\\Touch-grass\\\\Touch-Grass\\\\dataconnect\": could not find dataconnect.yaml in `c:\\Users\\Robbe\\Documents\\Touch-grass\\Touch-Grass\\dataconnect`\n"}}
[debug] [2026-03-21T09:56:35.560Z] E0321 10:56:35.560257    9596 watch.go:116] watchAllDir unable to walk dir `c:\Users\Robbe\Documents\Touch-grass\Touch-Grass\dataconnect`: CreateFile c:\Users\Robbe\Documents\Touch-grass\Touch-Grass\dataconnect: The system cannot find the file specified.
 {"metadata":{"emulator":{"name":"dataconnect"},"message":"E0321 10:56:35.560257    9596 watch.go:116] watchAllDir unable to walk dir `c:\\Users\\Robbe\\Documents\\Touch-grass\\Touch-Grass\\dataconnect`: CreateFile c:\\Users\\Robbe\\Documents\\Touch-grass\\Touch-Grass\\dataconnect: The system cannot find the file specified.\n"}}
[debug] [2026-03-21T09:56:35.560Z] E0321 10:56:35.560257    9596 watch.go:40] Failed to load config from "c:\\Users\\Robbe\\Documents\\Touch-grass\\Touch-Grass\\dataconnect": could not find dataconnect.yaml in `c:\Users\Robbe\Documents\Touch-grass\Touch-Grass\dataconnect`
 {"metadata":{"emulator":{"name":"dataconnect"},"message":"E0321 10:56:35.560257    9596 watch.go:40] Failed to load config from \"c:\\\\Users\\\\Robbe\\\\Documents\\\\Touch-grass\\\\Touch-Grass\\\\dataconnect\": could not find dataconnect.yaml in `c:\\Users\\Robbe\\Documents\\Touch-grass\\Touch-Grass\\dataconnect`\n"}}
[debug] [2026-03-21T09:56:45.560Z] E0321 10:56:45.560227    9596 watch.go:40] Failed to load config from "c:\\Users\\Robbe\\Documents\\Touch-grass\\Touch-Grass\\dataconnect": could not find dataconnect.yaml in `c:\Users\Robbe\Documents\Touch-grass\Touch-Grass\dataconnect`
 {"metadata":{"emulator":{"name":"dataconnect"},"message":"E0321 10:56:45.560227    9596 watch.go:40] Failed to load config from \"c:\\\\Users\\\\Robbe\\\\Documents\\\\Touch-grass\\\\Touch-Grass\\\\dataconnect\": could not find dataconnect.yaml in `c:\\Users\\Robbe\\Documents\\Touch-grass\\Touch-Grass\\dataconnect`\n"}}
[debug] [2026-03-21T09:56:55.560Z] E0321 10:56:55.560193    9596 watch.go:40] Failed to load config from "c:\\Users\\Robbe\\Documents\\Touch-grass\\Touch-Grass\\dataconnect": could not find dataconnect.yaml in `c:\Users\Robbe\Documents\Touch-grass\Touch-Grass\dataconnect`
 {"metadata":{"emulator":{"name":"dataconnect"},"message":"E0321 10:56:55.560193    9596 watch.go:40] Failed to load config from \"c:\\\\Users\\\\Robbe\\\\Documents\\\\Touch-grass\\\\Touch-Grass\\\\dataconnect\": could not find dataconnect.yaml in `c:\\Users\\Robbe\\Documents\\Touch-grass\\Touch-Grass\\dataconnect`\n"}}
[debug] [2026-03-21T09:57:05.560Z] E0321 10:57:05.560165    9596 watch.go:40] Failed to load config from "c:\\Users\\Robbe\\Documents\\Touch-grass\\Touch-Grass\\dataconnect": could not find dataconnect.yaml in `c:\Users\Robbe\Documents\Touch-grass\Touch-Grass\dataconnect`
 {"metadata":{"emulator":{"name":"dataconnect"},"message":"E0321 10:57:05.560165    9596 watch.go:40] Failed to load config from \"c:\\\\Users\\\\Robbe\\\\Documents\\\\Touch-grass\\\\Touch-Grass\\\\dataconnect\": could not find dataconnect.yaml in `c:\\Users\\Robbe\\Documents\\Touch-grass\\Touch-Grass\\dataconnect`\n"}}
[debug] [2026-03-21T09:57:15.560Z] E0321 10:57:15.560508    9596 watch.go:40] Failed to load config from "c:\\Users\\Robbe\\Documents\\Touch-grass\\Touch-Grass\\dataconnect": could not find dataconnect.yaml in `c:\Users\Robbe\Documents\Touch-grass\Touch-Grass\dataconnect`
 {"metadata":{"emulator":{"name":"dataconnect"},"message":"E0321 10:57:15.560508    9596 watch.go:40] Failed to load config from \"c:\\\\Users\\\\Robbe\\\\Documents\\\\Touch-grass\\\\Touch-Grass\\\\dataconnect\": could not find dataconnect.yaml in `c:\\Users\\Robbe\\Documents\\Touch-grass\\Touch-Grass\\dataconnect`\n"}}
[debug] [2026-03-21T09:57:25.560Z] E0321 10:57:25.560476    9596 watch.go:40] Failed to load config from "c:\\Users\\Robbe\\Documents\\Touch-grass\\Touch-Grass\\dataconnect": could not find dataconnect.yaml in `c:\Users\Robbe\Documents\Touch-grass\Touch-Grass\dataconnect`
 {"metadata":{"emulator":{"name":"dataconnect"},"message":"E0321 10:57:25.560476    9596 watch.go:40] Failed to load config from \"c:\\\\Users\\\\Robbe\\\\Documents\\\\Touch-grass\\\\Touch-Grass\\\\dataconnect\": could not find dataconnect.yaml in `c:\\Users\\Robbe\\Documents\\Touch-grass\\Touch-Grass\\dataconnect`\n"}}
[debug] [2026-03-21T09:57:35.560Z] E0321 10:57:35.560423    9596 watch.go:116] watchAllDir unable to walk dir `c:\Users\Robbe\Documents\Touch-grass\Touch-Grass\dataconnect`: CreateFile c:\Users\Robbe\Documents\Touch-grass\Touch-Grass\dataconnect: The system cannot find the file specified.
 {"metadata":{"emulator":{"name":"dataconnect"},"message":"E0321 10:57:35.560423    9596 watch.go:116] watchAllDir unable to walk dir `c:\\Users\\Robbe\\Documents\\Touch-grass\\Touch-Grass\\dataconnect`: CreateFile c:\\Users\\Robbe\\Documents\\Touch-grass\\Touch-Grass\\dataconnect: The system cannot find the file specified.\n"}}
[debug] [2026-03-21T09:57:35.560Z] E0321 10:57:35.560423    9596 watch.go:40] Failed to load config from "c:\\Users\\Robbe\\Documents\\Touch-grass\\Touch-Grass\\dataconnect": could not find dataconnect.yaml in `c:\Users\Robbe\Documents\Touch-grass\Touch-Grass\dataconnect`
 {"metadata":{"emulator":{"name":"dataconnect"},"message":"E0321 10:57:35.560423    9596 watch.go:40] Failed to load config from \"c:\\\\Users\\\\Robbe\\\\Documents\\\\Touch-grass\\\\Touch-Grass\\\\dataconnect\": could not find dataconnect.yaml in `c:\\Users\\Robbe\\Documents\\Touch-grass\\Touch-Grass\\dataconnect`\n"}}
[debug] [2026-03-21T09:57:45.560Z] E0321 10:57:45.560146    9596 watch.go:40] Failed to load config from "c:\\Users\\Robbe\\Documents\\Touch-grass\\Touch-Grass\\dataconnect": could not find dataconnect.yaml in `c:\Users\Robbe\Documents\Touch-grass\Touch-Grass\dataconnect`
 {"metadata":{"emulator":{"name":"dataconnect"},"message":"E0321 10:57:45.560146    9596 watch.go:40] Failed to load config from \"c:\\\\Users\\\\Robbe\\\\Documents\\\\Touch-grass\\\\Touch-Grass\\\\dataconnect\": could not find dataconnect.yaml in `c:\\Users\\Robbe\\Documents\\Touch-grass\\Touch-Grass\\dataconnect`\n"}}
[debug] [2026-03-21T09:57:55.560Z] E0321 10:57:55.560457    9596 watch.go:40] Failed to load config from "c:\\Users\\Robbe\\Documents\\Touch-grass\\Touch-Grass\\dataconnect": could not find dataconnect.yaml in `c:\Users\Robbe\Documents\Touch-grass\Touch-Grass\dataconnect`
 {"metadata":{"emulator":{"name":"dataconnect"},"message":"E0321 10:57:55.560457    9596 watch.go:40] Failed to load config from \"c:\\\\Users\\\\Robbe\\\\Documents\\\\Touch-grass\\\\Touch-Grass\\\\dataconnect\": could not find dataconnect.yaml in `c:\\Users\\Robbe\\Documents\\Touch-grass\\Touch-Grass\\dataconnect`\n"}}
[debug] [2026-03-21T09:58:05.560Z] E0321 10:58:05.560131    9596 watch.go:40] Failed to load config from "c:\\Users\\Robbe\\Documents\\Touch-grass\\Touch-Grass\\dataconnect": could not find dataconnect.yaml in `c:\Users\Robbe\Documents\Touch-grass\Touch-Grass\dataconnect`
 {"metadata":{"emulator":{"name":"dataconnect"},"message":"E0321 10:58:05.560131    9596 watch.go:40] Failed to load config from \"c:\\\\Users\\\\Robbe\\\\Documents\\\\Touch-grass\\\\Touch-Grass\\\\dataconnect\": could not find dataconnect.yaml in `c:\\Users\\Robbe\\Documents\\Touch-grass\\Touch-Grass\\dataconnect`\n"}}
[debug] [2026-03-21T09:58:15.560Z] E0321 10:58:15.560121    9596 watch.go:40] Failed to load config from "c:\\Users\\Robbe\\Documents\\Touch-grass\\Touch-Grass\\dataconnect": could not find dataconnect.yaml in `c:\Users\Robbe\Documents\Touch-grass\Touch-Grass\dataconnect`
 {"metadata":{"emulator":{"name":"dataconnect"},"message":"E0321 10:58:15.560121    9596 watch.go:40] Failed to load config from \"c:\\\\Users\\\\Robbe\\\\Documents\\\\Touch-grass\\\\Touch-Grass\\\\dataconnect\": could not find dataconnect.yaml in `c:\\Users\\Robbe\\Documents\\Touch-grass\\Touch-Grass\\dataconnect`\n"}}
[debug] [2026-03-21T09:58:25.560Z] E0321 10:58:25.560271    9596 watch.go:40] Failed to load config from "c:\\Users\\Robbe\\Documents\\Touch-grass\\Touch-Grass\\dataconnect": could not find dataconnect.yaml in `c:\Users\Robbe\Documents\Touch-grass\Touch-Grass\dataconnect`
 {"metadata":{"emulator":{"name":"dataconnect"},"message":"E0321 10:58:25.560271    9596 watch.go:40] Failed to load config from \"c:\\\\Users\\\\Robbe\\\\Documents\\\\Touch-grass\\\\Touch-Grass\\\\dataconnect\": could not find dataconnect.yaml in `c:\\Users\\Robbe\\Documents\\Touch-grass\\Touch-Grass\\dataconnect`\n"}}
[debug] [2026-03-21T09:58:35.560Z] E0321 10:58:35.560078    9596 watch.go:116] watchAllDir unable to walk dir `c:\Users\Robbe\Documents\Touch-grass\Touch-Grass\dataconnect`: CreateFile c:\Users\Robbe\Documents\Touch-grass\Touch-Grass\dataconnect: The system cannot find the file specified.
 {"metadata":{"emulator":{"name":"dataconnect"},"message":"E0321 10:58:35.560078    9596 watch.go:116] watchAllDir unable to walk dir `c:\\Users\\Robbe\\Documents\\Touch-grass\\Touch-Grass\\dataconnect`: CreateFile c:\\Users\\Robbe\\Documents\\Touch-grass\\Touch-Grass\\dataconnect: The system cannot find the file specified.\n"}}
[debug] [2026-03-21T09:58:35.560Z] E0321 10:58:35.560078    9596 watch.go:40] Failed to load config from "c:\\Users\\Robbe\\Documents\\Touch-grass\\Touch-Grass\\dataconnect": could not find dataconnect.yaml in `c:\Users\Robbe\Documents\Touch-grass\Touch-Grass\dataconnect`
 {"metadata":{"emulator":{"name":"dataconnect"},"message":"E0321 10:58:35.560078    9596 watch.go:40] Failed to load config from \"c:\\\\Users\\\\Robbe\\\\Documents\\\\Touch-grass\\\\Touch-Grass\\\\dataconnect\": could not find dataconnect.yaml in `c:\\Users\\Robbe\\Documents\\Touch-grass\\Touch-Grass\\dataconnect`\n"}}
[debug] [2026-03-21T09:58:45.560Z] E0321 10:58:45.560104    9596 watch.go:40] Failed to load config from "c:\\Users\\Robbe\\Documents\\Touch-grass\\Touch-Grass\\dataconnect": could not find dataconnect.yaml in `c:\Users\Robbe\Documents\Touch-grass\Touch-Grass\dataconnect`
 {"metadata":{"emulator":{"name":"dataconnect"},"message":"E0321 10:58:45.560104    9596 watch.go:40] Failed to load config from \"c:\\\\Users\\\\Robbe\\\\Documents\\\\Touch-grass\\\\Touch-Grass\\\\dataconnect\": could not find dataconnect.yaml in `c:\\Users\\Robbe\\Documents\\Touch-grass\\Touch-Grass\\dataconnect`\n"}}
[debug] [2026-03-21T09:58:55.560Z] E0321 10:58:55.560386    9596 watch.go:40] Failed to load config from "c:\\Users\\Robbe\\Documents\\Touch-grass\\Touch-Grass\\dataconnect": could not find dataconnect.yaml in `c:\Users\Robbe\Documents\Touch-grass\Touch-Grass\dataconnect`
 {"metadata":{"emulator":{"name":"dataconnect"},"message":"E0321 10:58:55.560386    9596 watch.go:40] Failed to load config from \"c:\\\\Users\\\\Robbe\\\\Documents\\\\Touch-grass\\\\Touch-Grass\\\\dataconnect\": could not find dataconnect.yaml in `c:\\Users\\Robbe\\Documents\\Touch-grass\\Touch-Grass\\dataconnect`\n"}}
[debug] [2026-03-21T09:59:05.560Z] E0321 10:59:05.560467    9596 watch.go:40] Failed to load config from "c:\\Users\\Robbe\\Documents\\Touch-grass\\Touch-Grass\\dataconnect": could not find dataconnect.yaml in `c:\Users\Robbe\Documents\Touch-grass\Touch-Grass\dataconnect`
 {"metadata":{"emulator":{"name":"dataconnect"},"message":"E0321 10:59:05.560467    9596 watch.go:40] Failed to load config from \"c:\\\\Users\\\\Robbe\\\\Documents\\\\Touch-grass\\\\Touch-Grass\\\\dataconnect\": could not find dataconnect.yaml in `c:\\Users\\Robbe\\Documents\\Touch-grass\\Touch-Grass\\dataconnect`\n"}}
[debug] [2026-03-21T09:59:15.560Z] E0321 10:59:15.560264    9596 watch.go:40] Failed to load config from "c:\\Users\\Robbe\\Documents\\Touch-grass\\Touch-Grass\\dataconnect": could not find dataconnect.yaml in `c:\Users\Robbe\Documents\Touch-grass\Touch-Grass\dataconnect`
 {"metadata":{"emulator":{"name":"dataconnect"},"message":"E0321 10:59:15.560264    9596 watch.go:40] Failed to load config from \"c:\\\\Users\\\\Robbe\\\\Documents\\\\Touch-grass\\\\Touch-Grass\\\\dataconnect\": could not find dataconnect.yaml in `c:\\Users\\Robbe\\Documents\\Touch-grass\\Touch-Grass\\dataconnect`\n"}}
[debug] [2026-03-21T09:59:25.560Z] E0321 10:59:25.560212    9596 watch.go:40] Failed to load config from "c:\\Users\\Robbe\\Documents\\Touch-grass\\Touch-Grass\\dataconnect": could not find dataconnect.yaml in `c:\Users\Robbe\Documents\Touch-grass\Touch-Grass\dataconnect`
 {"metadata":{"emulator":{"name":"dataconnect"},"message":"E0321 10:59:25.560212    9596 watch.go:40] Failed to load config from \"c:\\\\Users\\\\Robbe\\\\Documents\\\\Touch-grass\\\\Touch-Grass\\\\dataconnect\": could not find dataconnect.yaml in `c:\\Users\\Robbe\\Documents\\Touch-grass\\Touch-Grass\\dataconnect`\n"}}
[debug] [2026-03-21T09:59:35.560Z] E0321 10:59:35.560534    9596 watch.go:116] watchAllDir unable to walk dir `c:\Users\Robbe\Documents\Touch-grass\Touch-Grass\dataconnect`: CreateFile c:\Users\Robbe\Documents\Touch-grass\Touch-Grass\dataconnect: The system cannot find the file specified.
 {"metadata":{"emulator":{"name":"dataconnect"},"message":"E0321 10:59:35.560534    9596 watch.go:116] watchAllDir unable to walk dir `c:\\Users\\Robbe\\Documents\\Touch-grass\\Touch-Grass\\dataconnect`: CreateFile c:\\Users\\Robbe\\Documents\\Touch-grass\\Touch-Grass\\dataconnect: The system cannot find the file specified.\n"}}
[debug] [2026-03-21T09:59:35.560Z] E0321 10:59:35.560534    9596 watch.go:40] Failed to load config from "c:\\Users\\Robbe\\Documents\\Touch-grass\\Touch-Grass\\dataconnect": could not find dataconnect.yaml in `c:\Users\Robbe\Documents\Touch-grass\Touch-Grass\dataconnect`
 {"metadata":{"emulator":{"name":"dataconnect"},"message":"E0321 10:59:35.560534    9596 watch.go:40] Failed to load config from \"c:\\\\Users\\\\Robbe\\\\Documents\\\\Touch-grass\\\\Touch-Grass\\\\dataconnect\": could not find dataconnect.yaml in `c:\\Users\\Robbe\\Documents\\Touch-grass\\Touch-Grass\\dataconnect`\n"}}
[debug] [2026-03-21T09:59:45.560Z] E0321 10:59:45.560479    9596 watch.go:40] Failed to load config from "c:\\Users\\Robbe\\Documents\\Touch-grass\\Touch-Grass\\dataconnect": could not find dataconnect.yaml in `c:\Users\Robbe\Documents\Touch-grass\Touch-Grass\dataconnect`
 {"metadata":{"emulator":{"name":"dataconnect"},"message":"E0321 10:59:45.560479    9596 watch.go:40] Failed to load config from \"c:\\\\Users\\\\Robbe\\\\Documents\\\\Touch-grass\\\\Touch-Grass\\\\dataconnect\": could not find dataconnect.yaml in `c:\\Users\\Robbe\\Documents\\Touch-grass\\Touch-Grass\\dataconnect`\n"}}
[debug] [2026-03-21T09:59:55.560Z] E0321 10:59:55.560491    9596 watch.go:40] Failed to load config from "c:\\Users\\Robbe\\Documents\\Touch-grass\\Touch-Grass\\dataconnect": could not find dataconnect.yaml in `c:\Users\Robbe\Documents\Touch-grass\Touch-Grass\dataconnect`
 {"metadata":{"emulator":{"name":"dataconnect"},"message":"E0321 10:59:55.560491    9596 watch.go:40] Failed to load config from \"c:\\\\Users\\\\Robbe\\\\Documents\\\\Touch-grass\\\\Touch-Grass\\\\dataconnect\": could not find dataconnect.yaml in `c:\\Users\\Robbe\\Documents\\Touch-grass\\Touch-Grass\\dataconnect`\n"}}
[debug] [2026-03-21T10:00:05.560Z] E0321 11:00:05.560340    9596 watch.go:40] Failed to load config from "c:\\Users\\Robbe\\Documents\\Touch-grass\\Touch-Grass\\dataconnect": could not find dataconnect.yaml in `c:\Users\Robbe\Documents\Touch-grass\Touch-Grass\dataconnect`
 {"metadata":{"emulator":{"name":"dataconnect"},"message":"E0321 11:00:05.560340    9596 watch.go:40] Failed to load config from \"c:\\\\Users\\\\Robbe\\\\Documents\\\\Touch-grass\\\\Touch-Grass\\\\dataconnect\": could not find dataconnect.yaml in `c:\\Users\\Robbe\\Documents\\Touch-grass\\Touch-Grass\\dataconnect`\n"}}
[debug] [2026-03-21T10:00:15.560Z] E0321 11:00:15.560281    9596 watch.go:40] Failed to load config from "c:\\Users\\Robbe\\Documents\\Touch-grass\\Touch-Grass\\dataconnect": could not find dataconnect.yaml in `c:\Users\Robbe\Documents\Touch-grass\Touch-Grass\dataconnect`
 {"metadata":{"emulator":{"name":"dataconnect"},"message":"E0321 11:00:15.560281    9596 watch.go:40] Failed to load config from \"c:\\\\Users\\\\Robbe\\\\Documents\\\\Touch-grass\\\\Touch-Grass\\\\dataconnect\": could not find dataconnect.yaml in `c:\\Users\\Robbe\\Documents\\Touch-grass\\Touch-Grass\\dataconnect`\n"}}
[debug] [2026-03-21T10:00:25.560Z] E0321 11:00:25.560487    9596 watch.go:40] Failed to load config from "c:\\Users\\Robbe\\Documents\\Touch-grass\\Touch-Grass\\dataconnect": could not find dataconnect.yaml in `c:\Users\Robbe\Documents\Touch-grass\Touch-Grass\dataconnect`
 {"metadata":{"emulator":{"name":"dataconnect"},"message":"E0321 11:00:25.560487    9596 watch.go:40] Failed to load config from \"c:\\\\Users\\\\Robbe\\\\Documents\\\\Touch-grass\\\\Touch-Grass\\\\dataconnect\": could not find dataconnect.yaml in `c:\\Users\\Robbe\\Documents\\Touch-grass\\Touch-Grass\\dataconnect`\n"}}
[debug] [2026-03-21T10:00:35.560Z] E0321 11:00:35.560520    9596 watch.go:116] watchAllDir unable to walk dir `c:\Users\Robbe\Documents\Touch-grass\Touch-Grass\dataconnect`: CreateFile c:\Users\Robbe\Documents\Touch-grass\Touch-Grass\dataconnect: The system cannot find the file specified.
 {"metadata":{"emulator":{"name":"dataconnect"},"message":"E0321 11:00:35.560520    9596 watch.go:116] watchAllDir unable to walk dir `c:\\Users\\Robbe\\Documents\\Touch-grass\\Touch-Grass\\dataconnect`: CreateFile c:\\Users\\Robbe\\Documents\\Touch-grass\\Touch-Grass\\dataconnect: The system cannot find the file specified.\n"}}
[debug] [2026-03-21T10:00:35.560Z] E0321 11:00:35.560520    9596 watch.go:40] Failed to load config from "c:\\Users\\Robbe\\Documents\\Touch-grass\\Touch-Grass\\dataconnect": could not find dataconnect.yaml in `c:\Users\Robbe\Documents\Touch-grass\Touch-Grass\dataconnect`
 {"metadata":{"emulator":{"name":"dataconnect"},"message":"E0321 11:00:35.560520    9596 watch.go:40] Failed to load config from \"c:\\\\Users\\\\Robbe\\\\Documents\\\\Touch-grass\\\\Touch-Grass\\\\dataconnect\": could not find dataconnect.yaml in `c:\\Users\\Robbe\\Documents\\Touch-grass\\Touch-Grass\\dataconnect`\n"}}
[debug] [2026-03-21T10:00:45.560Z] E0321 11:00:45.558560    9596 watch.go:40] Failed to load config from "c:\\Users\\Robbe\\Documents\\Touch-grass\\Touch-Grass\\dataconnect": could not find dataconnect.yaml in `c:\Users\Robbe\Documents\Touch-grass\Touch-Grass\dataconnect`
 {"metadata":{"emulator":{"name":"dataconnect"},"message":"E0321 11:00:45.558560    9596 watch.go:40] Failed to load config from \"c:\\\\Users\\\\Robbe\\\\Documents\\\\Touch-grass\\\\Touch-Grass\\\\dataconnect\": could not find dataconnect.yaml in `c:\\Users\\Robbe\\Documents\\Touch-grass\\Touch-Grass\\dataconnect`\n"}}
[debug] [2026-03-21T10:00:55.560Z] E0321 11:00:55.556296    9596 watch.go:40] Failed to load config from "c:\\Users\\Robbe\\Documents\\Touch-grass\\Touch-Grass\\dataconnect": could not find dataconnect.yaml in `c:\Users\Robbe\Documents\Touch-grass\Touch-Grass\dataconnect`
 {"metadata":{"emulator":{"name":"dataconnect"},"message":"E0321 11:00:55.556296    9596 watch.go:40] Failed to load config from \"c:\\\\Users\\\\Robbe\\\\Documents\\\\Touch-grass\\\\Touch-Grass\\\\dataconnect\": could not find dataconnect.yaml in `c:\\Users\\Robbe\\Documents\\Touch-grass\\Touch-Grass\\dataconnect`\n"}}
[debug] [2026-03-21T10:01:05.560Z] E0321 11:01:05.554642    9596 watch.go:40] Failed to load config from "c:\\Users\\Robbe\\Documents\\Touch-grass\\Touch-Grass\\dataconnect": could not find dataconnect.yaml in `c:\Users\Robbe\Documents\Touch-grass\Touch-Grass\dataconnect`
 {"metadata":{"emulator":{"name":"dataconnect"},"message":"E0321 11:01:05.554642    9596 watch.go:40] Failed to load config from \"c:\\\\Users\\\\Robbe\\\\Documents\\\\Touch-grass\\\\Touch-Grass\\\\dataconnect\": could not find dataconnect.yaml in `c:\\Users\\Robbe\\Documents\\Touch-grass\\Touch-Grass\\dataconnect`\n"}}
[debug] [2026-03-21T10:01:15.554Z] E0321 11:01:15.552446    9596 watch.go:40] Failed to load config from "c:\\Users\\Robbe\\Documents\\Touch-grass\\Touch-Grass\\dataconnect": could not find dataconnect.yaml in `c:\Users\Robbe\Documents\Touch-grass\Touch-Grass\dataconnect`
 {"metadata":{"emulator":{"name":"dataconnect"},"message":"E0321 11:01:15.552446    9596 watch.go:40] Failed to load config from \"c:\\\\Users\\\\Robbe\\\\Documents\\\\Touch-grass\\\\Touch-Grass\\\\dataconnect\": could not find dataconnect.yaml in `c:\\Users\\Robbe\\Documents\\Touch-grass\\Touch-Grass\\dataconnect`\n"}}
[debug] [2026-03-21T10:01:25.554Z] E0321 11:01:25.550334    9596 watch.go:40] Failed to load config from "c:\\Users\\Robbe\\Documents\\Touch-grass\\Touch-Grass\\dataconnect": could not find dataconnect.yaml in `c:\Users\Robbe\Documents\Touch-grass\Touch-Grass\dataconnect`
 {"metadata":{"emulator":{"name":"dataconnect"},"message":"E0321 11:01:25.550334    9596 watch.go:40] Failed to load config from \"c:\\\\Users\\\\Robbe\\\\Documents\\\\Touch-grass\\\\Touch-Grass\\\\dataconnect\": could not find dataconnect.yaml in `c:\\Users\\Robbe\\Documents\\Touch-grass\\Touch-Grass\\dataconnect`\n"}}
[debug] [2026-03-21T10:01:35.554Z] E0321 11:01:35.548435    9596 watch.go:116] watchAllDir unable to walk dir `c:\Users\Robbe\Documents\Touch-grass\Touch-Grass\dataconnect`: CreateFile c:\Users\Robbe\Documents\Touch-grass\Touch-Grass\dataconnect: The system cannot find the file specified.
 {"metadata":{"emulator":{"name":"dataconnect"},"message":"E0321 11:01:35.548435    9596 watch.go:116] watchAllDir unable to walk dir `c:\\Users\\Robbe\\Documents\\Touch-grass\\Touch-Grass\\dataconnect`: CreateFile c:\\Users\\Robbe\\Documents\\Touch-grass\\Touch-Grass\\dataconnect: The system cannot find the file specified.\n"}}
[debug] [2026-03-21T10:01:35.554Z] E0321 11:01:35.548435    9596 watch.go:40] Failed to load config from "c:\\Users\\Robbe\\Documents\\Touch-grass\\Touch-Grass\\dataconnect": could not find dataconnect.yaml in `c:\Users\Robbe\Documents\Touch-grass\Touch-Grass\dataconnect`
 {"metadata":{"emulator":{"name":"dataconnect"},"message":"E0321 11:01:35.548435    9596 watch.go:40] Failed to load config from \"c:\\\\Users\\\\Robbe\\\\Documents\\\\Touch-grass\\\\Touch-Grass\\\\dataconnect\": could not find dataconnect.yaml in `c:\\Users\\Robbe\\Documents\\Touch-grass\\Touch-Grass\\dataconnect`\n"}}
[debug] [2026-03-21T10:01:45.554Z] E0321 11:01:45.546205    9596 watch.go:40] Failed to load config from "c:\\Users\\Robbe\\Documents\\Touch-grass\\Touch-Grass\\dataconnect": could not find dataconnect.yaml in `c:\Users\Robbe\Documents\Touch-grass\Touch-Grass\dataconnect`
 {"metadata":{"emulator":{"name":"dataconnect"},"message":"E0321 11:01:45.546205    9596 watch.go:40] Failed to load config from \"c:\\\\Users\\\\Robbe\\\\Documents\\\\Touch-grass\\\\Touch-Grass\\\\dataconnect\": could not find dataconnect.yaml in `c:\\Users\\Robbe\\Documents\\Touch-grass\\Touch-Grass\\dataconnect`\n"}}
[debug] [2026-03-21T10:01:55.554Z] E0321 11:01:55.544418    9596 watch.go:40] Failed to load config from "c:\\Users\\Robbe\\Documents\\Touch-grass\\Touch-Grass\\dataconnect": could not find dataconnect.yaml in `c:\Users\Robbe\Documents\Touch-grass\Touch-Grass\dataconnect`
 {"metadata":{"emulator":{"name":"dataconnect"},"message":"E0321 11:01:55.544418    9596 watch.go:40] Failed to load config from \"c:\\\\Users\\\\Robbe\\\\Documents\\\\Touch-grass\\\\Touch-Grass\\\\dataconnect\": could not find dataconnect.yaml in `c:\\Users\\Robbe\\Documents\\Touch-grass\\Touch-Grass\\dataconnect`\n"}}
[debug] [2026-03-21T10:02:05.554Z] E0321 11:02:05.542297    9596 watch.go:40] Failed to load config from "c:\\Users\\Robbe\\Documents\\Touch-grass\\Touch-Grass\\dataconnect": could not find dataconnect.yaml in `c:\Users\Robbe\Documents\Touch-grass\Touch-Grass\dataconnect`
 {"metadata":{"emulator":{"name":"dataconnect"},"message":"E0321 11:02:05.542297    9596 watch.go:40] Failed to load config from \"c:\\\\Users\\\\Robbe\\\\Documents\\\\Touch-grass\\\\Touch-Grass\\\\dataconnect\": could not find dataconnect.yaml in `c:\\Users\\Robbe\\Documents\\Touch-grass\\Touch-Grass\\dataconnect`\n"}}
[debug] [2026-03-21T10:02:15.542Z] E0321 11:02:15.540399    9596 watch.go:40] Failed to load config from "c:\\Users\\Robbe\\Documents\\Touch-grass\\Touch-Grass\\dataconnect": could not find dataconnect.yaml in `c:\Users\Robbe\Documents\Touch-grass\Touch-Grass\dataconnect`
 {"metadata":{"emulator":{"name":"dataconnect"},"message":"E0321 11:02:15.540399    9596 watch.go:40] Failed to load config from \"c:\\\\Users\\\\Robbe\\\\Documents\\\\Touch-grass\\\\Touch-Grass\\\\dataconnect\": could not find dataconnect.yaml in `c:\\Users\\Robbe\\Documents\\Touch-grass\\Touch-Grass\\dataconnect`\n"}}
[debug] [2026-03-21T10:02:25.542Z] E0321 11:02:25.538168    9596 watch.go:40] Failed to load config from "c:\\Users\\Robbe\\Documents\\Touch-grass\\Touch-Grass\\dataconnect": could not find dataconnect.yaml in `c:\Users\Robbe\Documents\Touch-grass\Touch-Grass\dataconnect`
 {"metadata":{"emulator":{"name":"dataconnect"},"message":"E0321 11:02:25.538168    9596 watch.go:40] Failed to load config from \"c:\\\\Users\\\\Robbe\\\\Documents\\\\Touch-grass\\\\Touch-Grass\\\\dataconnect\": could not find dataconnect.yaml in `c:\\Users\\Robbe\\Documents\\Touch-grass\\Touch-Grass\\dataconnect`\n"}}
[debug] [2026-03-21T10:02:35.542Z] E0321 11:02:35.536196    9596 watch.go:116] watchAllDir unable to walk dir `c:\Users\Robbe\Documents\Touch-grass\Touch-Grass\dataconnect`: CreateFile c:\Users\Robbe\Documents\Touch-grass\Touch-Grass\dataconnect: The system cannot find the file specified.
 {"metadata":{"emulator":{"name":"dataconnect"},"message":"E0321 11:02:35.536196    9596 watch.go:116] watchAllDir unable to walk dir `c:\\Users\\Robbe\\Documents\\Touch-grass\\Touch-Grass\\dataconnect`: CreateFile c:\\Users\\Robbe\\Documents\\Touch-grass\\Touch-Grass\\dataconnect: The system cannot find the file specified.\n"}}
[debug] [2026-03-21T10:02:35.542Z] E0321 11:02:35.536196    9596 watch.go:40] Failed to load config from "c:\\Users\\Robbe\\Documents\\Touch-grass\\Touch-Grass\\dataconnect": could not find dataconnect.yaml in `c:\Users\Robbe\Documents\Touch-grass\Touch-Grass\dataconnect`
 {"metadata":{"emulator":{"name":"dataconnect"},"message":"E0321 11:02:35.536196    9596 watch.go:40] Failed to load config from \"c:\\\\Users\\\\Robbe\\\\Documents\\\\Touch-grass\\\\Touch-Grass\\\\dataconnect\": could not find dataconnect.yaml in `c:\\Users\\Robbe\\Documents\\Touch-grass\\Touch-Grass\\dataconnect`\n"}}
[debug] [2026-03-21T10:02:45.542Z] E0321 11:02:45.533970    9596 watch.go:40] Failed to load config from "c:\\Users\\Robbe\\Documents\\Touch-grass\\Touch-Grass\\dataconnect": could not find dataconnect.yaml in `c:\Users\Robbe\Documents\Touch-grass\Touch-Grass\dataconnect`
 {"metadata":{"emulator":{"name":"dataconnect"},"message":"E0321 11:02:45.533970    9596 watch.go:40] Failed to load config from \"c:\\\\Users\\\\Robbe\\\\Documents\\\\Touch-grass\\\\Touch-Grass\\\\dataconnect\": could not find dataconnect.yaml in `c:\\Users\\Robbe\\Documents\\Touch-grass\\Touch-Grass\\dataconnect`\n"}}
[debug] [2026-03-21T10:02:55.542Z] E0321 11:02:55.532227    9596 watch.go:40] Failed to load config from "c:\\Users\\Robbe\\Documents\\Touch-grass\\Touch-Grass\\dataconnect": could not find dataconnect.yaml in `c:\Users\Robbe\Documents\Touch-grass\Touch-Grass\dataconnect`
 {"metadata":{"emulator":{"name":"dataconnect"},"message":"E0321 11:02:55.532227    9596 watch.go:40] Failed to load config from \"c:\\\\Users\\\\Robbe\\\\Documents\\\\Touch-grass\\\\Touch-Grass\\\\dataconnect\": could not find dataconnect.yaml in `c:\\Users\\Robbe\\Documents\\Touch-grass\\Touch-Grass\\dataconnect`\n"}}
[debug] [2026-03-21T10:03:05.542Z] E0321 11:03:05.529776    9596 watch.go:40] Failed to load config from "c:\\Users\\Robbe\\Documents\\Touch-grass\\Touch-Grass\\dataconnect": could not find dataconnect.yaml in `c:\Users\Robbe\Documents\Touch-grass\Touch-Grass\dataconnect`
 {"metadata":{"emulator":{"name":"dataconnect"},"message":"E0321 11:03:05.529776    9596 watch.go:40] Failed to load config from \"c:\\\\Users\\\\Robbe\\\\Documents\\\\Touch-grass\\\\Touch-Grass\\\\dataconnect\": could not find dataconnect.yaml in `c:\\Users\\Robbe\\Documents\\Touch-grass\\Touch-Grass\\dataconnect`\n"}}
[debug] [2026-03-21T10:03:15.527Z] E0321 11:03:15.527867    9596 watch.go:40] Failed to load config from "c:\\Users\\Robbe\\Documents\\Touch-grass\\Touch-Grass\\dataconnect": could not find dataconnect.yaml in `c:\Users\Robbe\Documents\Touch-grass\Touch-Grass\dataconnect`
 {"metadata":{"emulator":{"name":"dataconnect"},"message":"E0321 11:03:15.527867    9596 watch.go:40] Failed to load config from \"c:\\\\Users\\\\Robbe\\\\Documents\\\\Touch-grass\\\\Touch-Grass\\\\dataconnect\": could not find dataconnect.yaml in `c:\\Users\\Robbe\\Documents\\Touch-grass\\Touch-Grass\\dataconnect`\n"}}
[debug] [2026-03-21T10:03:25.527Z] E0321 11:03:25.525683    9596 watch.go:40] Failed to load config from "c:\\Users\\Robbe\\Documents\\Touch-grass\\Touch-Grass\\dataconnect": could not find dataconnect.yaml in `c:\Users\Robbe\Documents\Touch-grass\Touch-Grass\dataconnect`
 {"metadata":{"emulator":{"name":"dataconnect"},"message":"E0321 11:03:25.525683    9596 watch.go:40] Failed to load config from \"c:\\\\Users\\\\Robbe\\\\Documents\\\\Touch-grass\\\\Touch-Grass\\\\dataconnect\": could not find dataconnect.yaml in `c:\\Users\\Robbe\\Documents\\Touch-grass\\Touch-Grass\\dataconnect`\n"}}
[debug] [2026-03-21T10:03:35.527Z] E0321 11:03:35.523868    9596 watch.go:116] watchAllDir unable to walk dir `c:\Users\Robbe\Documents\Touch-grass\Touch-Grass\dataconnect`: CreateFile c:\Users\Robbe\Documents\Touch-grass\Touch-Grass\dataconnect: The system cannot find the file specified.
 {"metadata":{"emulator":{"name":"dataconnect"},"message":"E0321 11:03:35.523868    9596 watch.go:116] watchAllDir unable to walk dir `c:\\Users\\Robbe\\Documents\\Touch-grass\\Touch-Grass\\dataconnect`: CreateFile c:\\Users\\Robbe\\Documents\\Touch-grass\\Touch-Grass\\dataconnect: The system cannot find the file specified.\n"}}
[debug] [2026-03-21T10:03:35.528Z] E0321 11:03:35.523868    9596 watch.go:40] Failed to load config from "c:\\Users\\Robbe\\Documents\\Touch-grass\\Touch-Grass\\dataconnect": could not find dataconnect.yaml in `c:\Users\Robbe\Documents\Touch-grass\Touch-Grass\dataconnect`
 {"metadata":{"emulator":{"name":"dataconnect"},"message":"E0321 11:03:35.523868    9596 watch.go:40] Failed to load config from \"c:\\\\Users\\\\Robbe\\\\Documents\\\\Touch-grass\\\\Touch-Grass\\\\dataconnect\": could not find dataconnect.yaml in `c:\\Users\\Robbe\\Documents\\Touch-grass\\Touch-Grass\\dataconnect`\n"}}
[debug] [2026-03-21T10:03:45.528Z] E0321 11:03:45.521926    9596 watch.go:40] Failed to load config from "c:\\Users\\Robbe\\Documents\\Touch-grass\\Touch-Grass\\dataconnect": could not find dataconnect.yaml in `c:\Users\Robbe\Documents\Touch-grass\Touch-Grass\dataconnect`
 {"metadata":{"emulator":{"name":"dataconnect"},"message":"E0321 11:03:45.521926    9596 watch.go:40] Failed to load config from \"c:\\\\Users\\\\Robbe\\\\Documents\\\\Touch-grass\\\\Touch-Grass\\\\dataconnect\": could not find dataconnect.yaml in `c:\\Users\\Robbe\\Documents\\Touch-grass\\Touch-Grass\\dataconnect`\n"}}
[debug] [2026-03-21T10:03:55.527Z] E0321 11:03:55.519800    9596 watch.go:40] Failed to load config from "c:\\Users\\Robbe\\Documents\\Touch-grass\\Touch-Grass\\dataconnect": could not find dataconnect.yaml in `c:\Users\Robbe\Documents\Touch-grass\Touch-Grass\dataconnect`
 {"metadata":{"emulator":{"name":"dataconnect"},"message":"E0321 11:03:55.519800    9596 watch.go:40] Failed to load config from \"c:\\\\Users\\\\Robbe\\\\Documents\\\\Touch-grass\\\\Touch-Grass\\\\dataconnect\": could not find dataconnect.yaml in `c:\\Users\\Robbe\\Documents\\Touch-grass\\Touch-Grass\\dataconnect`\n"}}
[debug] [2026-03-21T10:04:05.527Z] E0321 11:04:05.517690    9596 watch.go:40] Failed to load config from "c:\\Users\\Robbe\\Documents\\Touch-grass\\Touch-Grass\\dataconnect": could not find dataconnect.yaml in `c:\Users\Robbe\Documents\Touch-grass\Touch-Grass\dataconnect`
 {"metadata":{"emulator":{"name":"dataconnect"},"message":"E0321 11:04:05.517690    9596 watch.go:40] Failed to load config from \"c:\\\\Users\\\\Robbe\\\\Documents\\\\Touch-grass\\\\Touch-Grass\\\\dataconnect\": could not find dataconnect.yaml in `c:\\Users\\Robbe\\Documents\\Touch-grass\\Touch-Grass\\dataconnect`\n"}}
[debug] [2026-03-21T10:04:15.515Z] E0321 11:04:15.515727    9596 watch.go:40] Failed to load config from "c:\\Users\\Robbe\\Documents\\Touch-grass\\Touch-Grass\\dataconnect": could not find dataconnect.yaml in `c:\Users\Robbe\Documents\Touch-grass\Touch-Grass\dataconnect`
 {"metadata":{"emulator":{"name":"dataconnect"},"message":"E0321 11:04:15.515727    9596 watch.go:40] Failed to load config from \"c:\\\\Users\\\\Robbe\\\\Documents\\\\Touch-grass\\\\Touch-Grass\\\\dataconnect\": could not find dataconnect.yaml in `c:\\Users\\Robbe\\Documents\\Touch-grass\\Touch-Grass\\dataconnect`\n"}}
[debug] [2026-03-21T10:04:25.515Z] E0321 11:04:25.513797    9596 watch.go:40] Failed to load config from "c:\\Users\\Robbe\\Documents\\Touch-grass\\Touch-Grass\\dataconnect": could not find dataconnect.yaml in `c:\Users\Robbe\Documents\Touch-grass\Touch-Grass\dataconnect`
 {"metadata":{"emulator":{"name":"dataconnect"},"message":"E0321 11:04:25.513797    9596 watch.go:40] Failed to load config from \"c:\\\\Users\\\\Robbe\\\\Documents\\\\Touch-grass\\\\Touch-Grass\\\\dataconnect\": could not find dataconnect.yaml in `c:\\Users\\Robbe\\Documents\\Touch-grass\\Touch-Grass\\dataconnect`\n"}}
[debug] [2026-03-21T10:04:35.515Z] E0321 11:04:35.511788    9596 watch.go:116] watchAllDir unable to walk dir `c:\Users\Robbe\Documents\Touch-grass\Touch-Grass\dataconnect`: CreateFile c:\Users\Robbe\Documents\Touch-grass\Touch-Grass\dataconnect: The system cannot find the file specified.
 {"metadata":{"emulator":{"name":"dataconnect"},"message":"E0321 11:04:35.511788    9596 watch.go:116] watchAllDir unable to walk dir `c:\\Users\\Robbe\\Documents\\Touch-grass\\Touch-Grass\\dataconnect`: CreateFile c:\\Users\\Robbe\\Documents\\Touch-grass\\Touch-Grass\\dataconnect: The system cannot find the file specified.\n"}}
[debug] [2026-03-21T10:04:35.516Z] E0321 11:04:35.511788    9596 watch.go:40] Failed to load config from "c:\\Users\\Robbe\\Documents\\Touch-grass\\Touch-Grass\\dataconnect": could not find dataconnect.yaml in `c:\Users\Robbe\Documents\Touch-grass\Touch-Grass\dataconnect`
 {"metadata":{"emulator":{"name":"dataconnect"},"message":"E0321 11:04:35.511788    9596 watch.go:40] Failed to load config from \"c:\\\\Users\\\\Robbe\\\\Documents\\\\Touch-grass\\\\Touch-Grass\\\\dataconnect\": could not find dataconnect.yaml in `c:\\Users\\Robbe\\Documents\\Touch-grass\\Touch-Grass\\dataconnect`\n"}}
[debug] [2026-03-21T10:04:45.515Z] E0321 11:04:45.509651    9596 watch.go:40] Failed to load config from "c:\\Users\\Robbe\\Documents\\Touch-grass\\Touch-Grass\\dataconnect": could not find dataconnect.yaml in `c:\Users\Robbe\Documents\Touch-grass\Touch-Grass\dataconnect`
 {"metadata":{"emulator":{"name":"dataconnect"},"message":"E0321 11:04:45.509651    9596 watch.go:40] Failed to load config from \"c:\\\\Users\\\\Robbe\\\\Documents\\\\Touch-grass\\\\Touch-Grass\\\\dataconnect\": could not find dataconnect.yaml in `c:\\Users\\Robbe\\Documents\\Touch-grass\\Touch-Grass\\dataconnect`\n"}}
[debug] [2026-03-21T10:04:55.515Z] E0321 11:04:55.507739    9596 watch.go:40] Failed to load config from "c:\\Users\\Robbe\\Documents\\Touch-grass\\Touch-Grass\\dataconnect": could not find dataconnect.yaml in `c:\Users\Robbe\Documents\Touch-grass\Touch-Grass\dataconnect`
 {"metadata":{"emulator":{"name":"dataconnect"},"message":"E0321 11:04:55.507739    9596 watch.go:40] Failed to load config from \"c:\\\\Users\\\\Robbe\\\\Documents\\\\Touch-grass\\\\Touch-Grass\\\\dataconnect\": could not find dataconnect.yaml in `c:\\Users\\Robbe\\Documents\\Touch-grass\\Touch-Grass\\dataconnect`\n"}}
[debug] [2026-03-21T10:05:05.515Z] E0321 11:05:05.505580    9596 watch.go:40] Failed to load config from "c:\\Users\\Robbe\\Documents\\Touch-grass\\Touch-Grass\\dataconnect": could not find dataconnect.yaml in `c:\Users\Robbe\Documents\Touch-grass\Touch-Grass\dataconnect`
 {"metadata":{"emulator":{"name":"dataconnect"},"message":"E0321 11:05:05.505580    9596 watch.go:40] Failed to load config from \"c:\\\\Users\\\\Robbe\\\\Documents\\\\Touch-grass\\\\Touch-Grass\\\\dataconnect\": could not find dataconnect.yaml in `c:\\Users\\Robbe\\Documents\\Touch-grass\\Touch-Grass\\dataconnect`\n"}}
[debug] [2026-03-21T10:05:15.503Z] E0321 11:05:15.503645    9596 watch.go:40] Failed to load config from "c:\\Users\\Robbe\\Documents\\Touch-grass\\Touch-Grass\\dataconnect": could not find dataconnect.yaml in `c:\Users\Robbe\Documents\Touch-grass\Touch-Grass\dataconnect`
 {"metadata":{"emulator":{"name":"dataconnect"},"message":"E0321 11:05:15.503645    9596 watch.go:40] Failed to load config from \"c:\\\\Users\\\\Robbe\\\\Documents\\\\Touch-grass\\\\Touch-Grass\\\\dataconnect\": could not find dataconnect.yaml in `c:\\Users\\Robbe\\Documents\\Touch-grass\\Touch-Grass\\dataconnect`\n"}}
[debug] [2026-03-21T10:05:25.503Z] E0321 11:05:25.501145    9596 watch.go:40] Failed to load config from "c:\\Users\\Robbe\\Documents\\Touch-grass\\Touch-Grass\\dataconnect": could not find dataconnect.yaml in `c:\Users\Robbe\Documents\Touch-grass\Touch-Grass\dataconnect`
 {"metadata":{"emulator":{"name":"dataconnect"},"message":"E0321 11:05:25.501145    9596 watch.go:40] Failed to load config from \"c:\\\\Users\\\\Robbe\\\\Documents\\\\Touch-grass\\\\Touch-Grass\\\\dataconnect\": could not find dataconnect.yaml in `c:\\Users\\Robbe\\Documents\\Touch-grass\\Touch-Grass\\dataconnect`\n"}}
[debug] [2026-03-21T10:05:35.503Z] E0321 11:05:35.499215    9596 watch.go:116] watchAllDir unable to walk dir `c:\Users\Robbe\Documents\Touch-grass\Touch-Grass\dataconnect`: CreateFile c:\Users\Robbe\Documents\Touch-grass\Touch-Grass\dataconnect: The system cannot find the file specified.
 {"metadata":{"emulator":{"name":"dataconnect"},"message":"E0321 11:05:35.499215    9596 watch.go:116] watchAllDir unable to walk dir `c:\\Users\\Robbe\\Documents\\Touch-grass\\Touch-Grass\\dataconnect`: CreateFile c:\\Users\\Robbe\\Documents\\Touch-grass\\Touch-Grass\\dataconnect: The system cannot find the file specified.\n"}}
[debug] [2026-03-21T10:05:35.503Z] E0321 11:05:35.499215    9596 watch.go:40] Failed to load config from "c:\\Users\\Robbe\\Documents\\Touch-grass\\Touch-Grass\\dataconnect": could not find dataconnect.yaml in `c:\Users\Robbe\Documents\Touch-grass\Touch-Grass\dataconnect`
 {"metadata":{"emulator":{"name":"dataconnect"},"message":"E0321 11:05:35.499215    9596 watch.go:40] Failed to load config from \"c:\\\\Users\\\\Robbe\\\\Documents\\\\Touch-grass\\\\Touch-Grass\\\\dataconnect\": could not find dataconnect.yaml in `c:\\Users\\Robbe\\Documents\\Touch-grass\\Touch-Grass\\dataconnect`\n"}}
[debug] [2026-03-21T10:05:45.503Z] E0321 11:05:45.497499    9596 watch.go:40] Failed to load config from "c:\\Users\\Robbe\\Documents\\Touch-grass\\Touch-Grass\\dataconnect": could not find dataconnect.yaml in `c:\Users\Robbe\Documents\Touch-grass\Touch-Grass\dataconnect`
 {"metadata":{"emulator":{"name":"dataconnect"},"message":"E0321 11:05:45.497499    9596 watch.go:40] Failed to load config from \"c:\\\\Users\\\\Robbe\\\\Documents\\\\Touch-grass\\\\Touch-Grass\\\\dataconnect\": could not find dataconnect.yaml in `c:\\Users\\Robbe\\Documents\\Touch-grass\\Touch-Grass\\dataconnect`\n"}}
[debug] [2026-03-21T10:05:55.503Z] E0321 11:05:55.495216    9596 watch.go:40] Failed to load config from "c:\\Users\\Robbe\\Documents\\Touch-grass\\Touch-Grass\\dataconnect": could not find dataconnect.yaml in `c:\Users\Robbe\Documents\Touch-grass\Touch-Grass\dataconnect`
 {"metadata":{"emulator":{"name":"dataconnect"},"message":"E0321 11:05:55.495216    9596 watch.go:40] Failed to load config from \"c:\\\\Users\\\\Robbe\\\\Documents\\\\Touch-grass\\\\Touch-Grass\\\\dataconnect\": could not find dataconnect.yaml in `c:\\Users\\Robbe\\Documents\\Touch-grass\\Touch-Grass\\dataconnect`\n"}}
[debug] [2026-03-21T10:06:05.503Z] E0321 11:06:05.493478    9596 watch.go:40] Failed to load config from "c:\\Users\\Robbe\\Documents\\Touch-grass\\Touch-Grass\\dataconnect": could not find dataconnect.yaml in `c:\Users\Robbe\Documents\Touch-grass\Touch-Grass\dataconnect`
 {"metadata":{"emulator":{"name":"dataconnect"},"message":"E0321 11:06:05.493478    9596 watch.go:40] Failed to load config from \"c:\\\\Users\\\\Robbe\\\\Documents\\\\Touch-grass\\\\Touch-Grass\\\\dataconnect\": could not find dataconnect.yaml in `c:\\Users\\Robbe\\Documents\\Touch-grass\\Touch-Grass\\dataconnect`\n"}}
[debug] [2026-03-21T10:06:15.503Z] E0321 11:06:15.491368    9596 watch.go:40] Failed to load config from "c:\\Users\\Robbe\\Documents\\Touch-grass\\Touch-Grass\\dataconnect": could not find dataconnect.yaml in `c:\Users\Robbe\Documents\Touch-grass\Touch-Grass\dataconnect`
 {"metadata":{"emulator":{"name":"dataconnect"},"message":"E0321 11:06:15.491368    9596 watch.go:40] Failed to load config from \"c:\\\\Users\\\\Robbe\\\\Documents\\\\Touch-grass\\\\Touch-Grass\\\\dataconnect\": could not find dataconnect.yaml in `c:\\Users\\Robbe\\Documents\\Touch-grass\\Touch-Grass\\dataconnect`\n"}}
[debug] [2026-03-21T10:06:25.491Z] E0321 11:06:25.489365    9596 watch.go:40] Failed to load config from "c:\\Users\\Robbe\\Documents\\Touch-grass\\Touch-Grass\\dataconnect": could not find dataconnect.yaml in `c:\Users\Robbe\Documents\Touch-grass\Touch-Grass\dataconnect`
 {"metadata":{"emulator":{"name":"dataconnect"},"message":"E0321 11:06:25.489365    9596 watch.go:40] Failed to load config from \"c:\\\\Users\\\\Robbe\\\\Documents\\\\Touch-grass\\\\Touch-Grass\\\\dataconnect\": could not find dataconnect.yaml in `c:\\Users\\Robbe\\Documents\\Touch-grass\\Touch-Grass\\dataconnect`\n"}}
[debug] [2026-03-21T10:06:35.491Z] E0321 11:06:35.487259    9596 watch.go:116] watchAllDir unable to walk dir `c:\Users\Robbe\Documents\Touch-grass\Touch-Grass\dataconnect`: CreateFile c:\Users\Robbe\Documents\Touch-grass\Touch-Grass\dataconnect: The system cannot find the file specified.
 {"metadata":{"emulator":{"name":"dataconnect"},"message":"E0321 11:06:35.487259    9596 watch.go:116] watchAllDir unable to walk dir `c:\\Users\\Robbe\\Documents\\Touch-grass\\Touch-Grass\\dataconnect`: CreateFile c:\\Users\\Robbe\\Documents\\Touch-grass\\Touch-Grass\\dataconnect: The system cannot find the file specified.\n"}}
[debug] [2026-03-21T10:06:35.491Z] E0321 11:06:35.487259    9596 watch.go:40] Failed to load config from "c:\\Users\\Robbe\\Documents\\Touch-grass\\Touch-Grass\\dataconnect": could not find dataconnect.yaml in `c:\Users\Robbe\Documents\Touch-grass\Touch-Grass\dataconnect`
 {"metadata":{"emulator":{"name":"dataconnect"},"message":"E0321 11:06:35.487259    9596 watch.go:40] Failed to load config from \"c:\\\\Users\\\\Robbe\\\\Documents\\\\Touch-grass\\\\Touch-Grass\\\\dataconnect\": could not find dataconnect.yaml in `c:\\Users\\Robbe\\Documents\\Touch-grass\\Touch-Grass\\dataconnect`\n"}}
[debug] [2026-03-21T10:06:45.491Z] E0321 11:06:45.485390    9596 watch.go:40] Failed to load config from "c:\\Users\\Robbe\\Documents\\Touch-grass\\Touch-Grass\\dataconnect": could not find dataconnect.yaml in `c:\Users\Robbe\Documents\Touch-grass\Touch-Grass\dataconnect`
 {"metadata":{"emulator":{"name":"dataconnect"},"message":"E0321 11:06:45.485390    9596 watch.go:40] Failed to load config from \"c:\\\\Users\\\\Robbe\\\\Documents\\\\Touch-grass\\\\Touch-Grass\\\\dataconnect\": could not find dataconnect.yaml in `c:\\Users\\Robbe\\Documents\\Touch-grass\\Touch-Grass\\dataconnect`\n"}}
[debug] [2026-03-21T10:06:55.491Z] E0321 11:06:55.482932    9596 watch.go:40] Failed to load config from "c:\\Users\\Robbe\\Documents\\Touch-grass\\Touch-Grass\\dataconnect": could not find dataconnect.yaml in `c:\Users\Robbe\Documents\Touch-grass\Touch-Grass\dataconnect`
 {"metadata":{"emulator":{"name":"dataconnect"},"message":"E0321 11:06:55.482932    9596 watch.go:40] Failed to load config from \"c:\\\\Users\\\\Robbe\\\\Documents\\\\Touch-grass\\\\Touch-Grass\\\\dataconnect\": could not find dataconnect.yaml in `c:\\Users\\Robbe\\Documents\\Touch-grass\\Touch-Grass\\dataconnect`\n"}}
[debug] [2026-03-21T10:07:05.491Z] E0321 11:07:05.481276    9596 watch.go:40] Failed to load config from "c:\\Users\\Robbe\\Documents\\Touch-grass\\Touch-Grass\\dataconnect": could not find dataconnect.yaml in `c:\Users\Robbe\Documents\Touch-grass\Touch-Grass\dataconnect`
 {"metadata":{"emulator":{"name":"dataconnect"},"message":"E0321 11:07:05.481276    9596 watch.go:40] Failed to load config from \"c:\\\\Users\\\\Robbe\\\\Documents\\\\Touch-grass\\\\Touch-Grass\\\\dataconnect\": could not find dataconnect.yaml in `c:\\Users\\Robbe\\Documents\\Touch-grass\\Touch-Grass\\dataconnect`\n"}}
[debug] [2026-03-21T10:07:15.491Z] E0321 11:07:15.479090    9596 watch.go:40] Failed to load config from "c:\\Users\\Robbe\\Documents\\Touch-grass\\Touch-Grass\\dataconnect": could not find dataconnect.yaml in `c:\Users\Robbe\Documents\Touch-grass\Touch-Grass\dataconnect`
 {"metadata":{"emulator":{"name":"dataconnect"},"message":"E0321 11:07:15.479090    9596 watch.go:40] Failed to load config from \"c:\\\\Users\\\\Robbe\\\\Documents\\\\Touch-grass\\\\Touch-Grass\\\\dataconnect\": could not find dataconnect.yaml in `c:\\Users\\Robbe\\Documents\\Touch-grass\\Touch-Grass\\dataconnect`\n"}}
[debug] [2026-03-21T10:07:25.479Z] E0321 11:07:25.476916    9596 watch.go:40] Failed to load config from "c:\\Users\\Robbe\\Documents\\Touch-grass\\Touch-Grass\\dataconnect": could not find dataconnect.yaml in `c:\Users\Robbe\Documents\Touch-grass\Touch-Grass\dataconnect`
 {"metadata":{"emulator":{"name":"dataconnect"},"message":"E0321 11:07:25.476916    9596 watch.go:40] Failed to load config from \"c:\\\\Users\\\\Robbe\\\\Documents\\\\Touch-grass\\\\Touch-Grass\\\\dataconnect\": could not find dataconnect.yaml in `c:\\Users\\Robbe\\Documents\\Touch-grass\\Touch-Grass\\dataconnect`\n"}}
[debug] [2026-03-21T10:07:35.479Z] E0321 11:07:35.474802    9596 watch.go:116] watchAllDir unable to walk dir `c:\Users\Robbe\Documents\Touch-grass\Touch-Grass\dataconnect`: CreateFile c:\Users\Robbe\Documents\Touch-grass\Touch-Grass\dataconnect: The system cannot find the file specified.
 {"metadata":{"emulator":{"name":"dataconnect"},"message":"E0321 11:07:35.474802    9596 watch.go:116] watchAllDir unable to walk dir `c:\\Users\\Robbe\\Documents\\Touch-grass\\Touch-Grass\\dataconnect`: CreateFile c:\\Users\\Robbe\\Documents\\Touch-grass\\Touch-Grass\\dataconnect: The system cannot find the file specified.\n"}}
[debug] [2026-03-21T10:07:35.479Z] E0321 11:07:35.474802    9596 watch.go:40] Failed to load config from "c:\\Users\\Robbe\\Documents\\Touch-grass\\Touch-Grass\\dataconnect": could not find dataconnect.yaml in `c:\Users\Robbe\Documents\Touch-grass\Touch-Grass\dataconnect`
 {"metadata":{"emulator":{"name":"dataconnect"},"message":"E0321 11:07:35.474802    9596 watch.go:40] Failed to load config from \"c:\\\\Users\\\\Robbe\\\\Documents\\\\Touch-grass\\\\Touch-Grass\\\\dataconnect\": could not find dataconnect.yaml in `c:\\Users\\Robbe\\Documents\\Touch-grass\\Touch-Grass\\dataconnect`\n"}}
[debug] [2026-03-21T10:07:45.479Z] E0321 11:07:45.472919    9596 watch.go:40] Failed to load config from "c:\\Users\\Robbe\\Documents\\Touch-grass\\Touch-Grass\\dataconnect": could not find dataconnect.yaml in `c:\Users\Robbe\Documents\Touch-grass\Touch-Grass\dataconnect`
 {"metadata":{"emulator":{"name":"dataconnect"},"message":"E0321 11:07:45.472919    9596 watch.go:40] Failed to load config from \"c:\\\\Users\\\\Robbe\\\\Documents\\\\Touch-grass\\\\Touch-Grass\\\\dataconnect\": could not find dataconnect.yaml in `c:\\Users\\Robbe\\Documents\\Touch-grass\\Touch-Grass\\dataconnect`\n"}}
[debug] [2026-03-21T10:07:55.479Z] E0321 11:07:55.470932    9596 watch.go:40] Failed to load config from "c:\\Users\\Robbe\\Documents\\Touch-grass\\Touch-Grass\\dataconnect": could not find dataconnect.yaml in `c:\Users\Robbe\Documents\Touch-grass\Touch-Grass\dataconnect`
 {"metadata":{"emulator":{"name":"dataconnect"},"message":"E0321 11:07:55.470932    9596 watch.go:40] Failed to load config from \"c:\\\\Users\\\\Robbe\\\\Documents\\\\Touch-grass\\\\Touch-Grass\\\\dataconnect\": could not find dataconnect.yaml in `c:\\Users\\Robbe\\Documents\\Touch-grass\\Touch-Grass\\dataconnect`\n"}}
[debug] [2026-03-21T10:08:05.479Z] E0321 11:08:05.468785    9596 watch.go:40] Failed to load config from "c:\\Users\\Robbe\\Documents\\Touch-grass\\Touch-Grass\\dataconnect": could not find dataconnect.yaml in `c:\Users\Robbe\Documents\Touch-grass\Touch-Grass\dataconnect`
 {"metadata":{"emulator":{"name":"dataconnect"},"message":"E0321 11:08:05.468785    9596 watch.go:40] Failed to load config from \"c:\\\\Users\\\\Robbe\\\\Documents\\\\Touch-grass\\\\Touch-Grass\\\\dataconnect\": could not find dataconnect.yaml in `c:\\Users\\Robbe\\Documents\\Touch-grass\\Touch-Grass\\dataconnect`\n"}}
[debug] [2026-03-21T10:08:15.479Z] E0321 11:08:15.466693    9596 watch.go:40] Failed to load config from "c:\\Users\\Robbe\\Documents\\Touch-grass\\Touch-Grass\\dataconnect": could not find dataconnect.yaml in `c:\Users\Robbe\Documents\Touch-grass\Touch-Grass\dataconnect`
 {"metadata":{"emulator":{"name":"dataconnect"},"message":"E0321 11:08:15.466693    9596 watch.go:40] Failed to load config from \"c:\\\\Users\\\\Robbe\\\\Documents\\\\Touch-grass\\\\Touch-Grass\\\\dataconnect\": could not find dataconnect.yaml in `c:\\Users\\Robbe\\Documents\\Touch-grass\\Touch-Grass\\dataconnect`\n"}}
[debug] [2026-03-21T10:08:25.464Z] E0321 11:08:25.464651    9596 watch.go:40] Failed to load config from "c:\\Users\\Robbe\\Documents\\Touch-grass\\Touch-Grass\\dataconnect": could not find dataconnect.yaml in `c:\Users\Robbe\Documents\Touch-grass\Touch-Grass\dataconnect`
 {"metadata":{"emulator":{"name":"dataconnect"},"message":"E0321 11:08:25.464651    9596 watch.go:40] Failed to load config from \"c:\\\\Users\\\\Robbe\\\\Documents\\\\Touch-grass\\\\Touch-Grass\\\\dataconnect\": could not find dataconnect.yaml in `c:\\Users\\Robbe\\Documents\\Touch-grass\\Touch-Grass\\dataconnect`\n"}}
[debug] [2026-03-21T10:08:35.464Z] E0321 11:08:35.462473    9596 watch.go:116] watchAllDir unable to walk dir `c:\Users\Robbe\Documents\Touch-grass\Touch-Grass\dataconnect`: CreateFile c:\Users\Robbe\Documents\Touch-grass\Touch-Grass\dataconnect: The system cannot find the file specified.
 {"metadata":{"emulator":{"name":"dataconnect"},"message":"E0321 11:08:35.462473    9596 watch.go:116] watchAllDir unable to walk dir `c:\\Users\\Robbe\\Documents\\Touch-grass\\Touch-Grass\\dataconnect`: CreateFile c:\\Users\\Robbe\\Documents\\Touch-grass\\Touch-Grass\\dataconnect: The system cannot find the file specified.\n"}}
[debug] [2026-03-21T10:08:35.464Z] E0321 11:08:35.462473    9596 watch.go:40] Failed to load config from "c:\\Users\\Robbe\\Documents\\Touch-grass\\Touch-Grass\\dataconnect": could not find dataconnect.yaml in `c:\Users\Robbe\Documents\Touch-grass\Touch-Grass\dataconnect`
 {"metadata":{"emulator":{"name":"dataconnect"},"message":"E0321 11:08:35.462473    9596 watch.go:40] Failed to load config from \"c:\\\\Users\\\\Robbe\\\\Documents\\\\Touch-grass\\\\Touch-Grass\\\\dataconnect\": could not find dataconnect.yaml in `c:\\Users\\Robbe\\Documents\\Touch-grass\\Touch-Grass\\dataconnect`\n"}}
[debug] [2026-03-21T10:08:45.464Z] E0321 11:08:45.460674    9596 watch.go:40] Failed to load config from "c:\\Users\\Robbe\\Documents\\Touch-grass\\Touch-Grass\\dataconnect": could not find dataconnect.yaml in `c:\Users\Robbe\Documents\Touch-grass\Touch-Grass\dataconnect`
 {"metadata":{"emulator":{"name":"dataconnect"},"message":"E0321 11:08:45.460674    9596 watch.go:40] Failed to load config from \"c:\\\\Users\\\\Robbe\\\\Documents\\\\Touch-grass\\\\Touch-Grass\\\\dataconnect\": could not find dataconnect.yaml in `c:\\Users\\Robbe\\Documents\\Touch-grass\\Touch-Grass\\dataconnect`\n"}}
[debug] [2026-03-21T10:08:55.468Z] E0321 11:08:55.462606    9596 watch.go:40] Failed to load config from "c:\\Users\\Robbe\\Documents\\Touch-grass\\Touch-Grass\\dataconnect": could not find dataconnect.yaml in `c:\Users\Robbe\Documents\Touch-grass\Touch-Grass\dataconnect`
 {"metadata":{"emulator":{"name":"dataconnect"},"message":"E0321 11:08:55.462606    9596 watch.go:40] Failed to load config from \"c:\\\\Users\\\\Robbe\\\\Documents\\\\Touch-grass\\\\Touch-Grass\\\\dataconnect\": could not find dataconnect.yaml in `c:\\Users\\Robbe\\Documents\\Touch-grass\\Touch-Grass\\dataconnect`\n"}}
[debug] [2026-03-21T10:09:05.464Z] E0321 11:09:05.456604    9596 watch.go:40] Failed to load config from "c:\\Users\\Robbe\\Documents\\Touch-grass\\Touch-Grass\\dataconnect": could not find dataconnect.yaml in `c:\Users\Robbe\Documents\Touch-grass\Touch-Grass\dataconnect`
 {"metadata":{"emulator":{"name":"dataconnect"},"message":"E0321 11:09:05.456604    9596 watch.go:40] Failed to load config from \"c:\\\\Users\\\\Robbe\\\\Documents\\\\Touch-grass\\\\Touch-Grass\\\\dataconnect\": could not find dataconnect.yaml in `c:\\Users\\Robbe\\Documents\\Touch-grass\\Touch-Grass\\dataconnect`\n"}}
[debug] [2026-03-21T10:09:15.464Z] E0321 11:09:15.454317    9596 watch.go:40] Failed to load config from "c:\\Users\\Robbe\\Documents\\Touch-grass\\Touch-Grass\\dataconnect": could not find dataconnect.yaml in `c:\Users\Robbe\Documents\Touch-grass\Touch-Grass\dataconnect`
 {"metadata":{"emulator":{"name":"dataconnect"},"message":"E0321 11:09:15.454317    9596 watch.go:40] Failed to load config from \"c:\\\\Users\\\\Robbe\\\\Documents\\\\Touch-grass\\\\Touch-Grass\\\\dataconnect\": could not find dataconnect.yaml in `c:\\Users\\Robbe\\Documents\\Touch-grass\\Touch-Grass\\dataconnect`\n"}}
[debug] [2026-03-21T10:09:25.464Z] E0321 11:09:25.452252    9596 watch.go:40] Failed to load config from "c:\\Users\\Robbe\\Documents\\Touch-grass\\Touch-Grass\\dataconnect": could not find dataconnect.yaml in `c:\Users\Robbe\Documents\Touch-grass\Touch-Grass\dataconnect`
 {"metadata":{"emulator":{"name":"dataconnect"},"message":"E0321 11:09:25.452252    9596 watch.go:40] Failed to load config from \"c:\\\\Users\\\\Robbe\\\\Documents\\\\Touch-grass\\\\Touch-Grass\\\\dataconnect\": could not find dataconnect.yaml in `c:\\Users\\Robbe\\Documents\\Touch-grass\\Touch-Grass\\dataconnect`\n"}}
[debug] [2026-03-21T10:09:35.452Z] E0321 11:09:35.450886    9596 watch.go:116] watchAllDir unable to walk dir `c:\Users\Robbe\Documents\Touch-grass\Touch-Grass\dataconnect`: CreateFile c:\Users\Robbe\Documents\Touch-grass\Touch-Grass\dataconnect: The system cannot find the file specified.
 {"metadata":{"emulator":{"name":"dataconnect"},"message":"E0321 11:09:35.450886    9596 watch.go:116] watchAllDir unable to walk dir `c:\\Users\\Robbe\\Documents\\Touch-grass\\Touch-Grass\\dataconnect`: CreateFile c:\\Users\\Robbe\\Documents\\Touch-grass\\Touch-Grass\\dataconnect: The system cannot find the file specified.\n"}}
[debug] [2026-03-21T10:09:35.453Z] E0321 11:09:35.450886    9596 watch.go:40] Failed to load config from "c:\\Users\\Robbe\\Documents\\Touch-grass\\Touch-Grass\\dataconnect": could not find dataconnect.yaml in `c:\Users\Robbe\Documents\Touch-grass\Touch-Grass\dataconnect`
 {"metadata":{"emulator":{"name":"dataconnect"},"message":"E0321 11:09:35.450886    9596 watch.go:40] Failed to load config from \"c:\\\\Users\\\\Robbe\\\\Documents\\\\Touch-grass\\\\Touch-Grass\\\\dataconnect\": could not find dataconnect.yaml in `c:\\Users\\Robbe\\Documents\\Touch-grass\\Touch-Grass\\dataconnect`\n"}}
[debug] [2026-03-21T10:09:45.452Z] E0321 11:09:45.448630    9596 watch.go:40] Failed to load config from "c:\\Users\\Robbe\\Documents\\Touch-grass\\Touch-Grass\\dataconnect": could not find dataconnect.yaml in `c:\Users\Robbe\Documents\Touch-grass\Touch-Grass\dataconnect`
 {"metadata":{"emulator":{"name":"dataconnect"},"message":"E0321 11:09:45.448630    9596 watch.go:40] Failed to load config from \"c:\\\\Users\\\\Robbe\\\\Documents\\\\Touch-grass\\\\Touch-Grass\\\\dataconnect\": could not find dataconnect.yaml in `c:\\Users\\Robbe\\Documents\\Touch-grass\\Touch-Grass\\dataconnect`\n"}}
[debug] [2026-03-21T10:09:55.452Z] E0321 11:09:55.446226    9596 watch.go:40] Failed to load config from "c:\\Users\\Robbe\\Documents\\Touch-grass\\Touch-Grass\\dataconnect": could not find dataconnect.yaml in `c:\Users\Robbe\Documents\Touch-grass\Touch-Grass\dataconnect`
 {"metadata":{"emulator":{"name":"dataconnect"},"message":"E0321 11:09:55.446226    9596 watch.go:40] Failed to load config from \"c:\\\\Users\\\\Robbe\\\\Documents\\\\Touch-grass\\\\Touch-Grass\\\\dataconnect\": could not find dataconnect.yaml in `c:\\Users\\Robbe\\Documents\\Touch-grass\\Touch-Grass\\dataconnect`\n"}}
[debug] [2026-03-21T10:10:05.452Z] E0321 11:10:05.444430    9596 watch.go:40] Failed to load config from "c:\\Users\\Robbe\\Documents\\Touch-grass\\Touch-Grass\\dataconnect": could not find dataconnect.yaml in `c:\Users\Robbe\Documents\Touch-grass\Touch-Grass\dataconnect`
 {"metadata":{"emulator":{"name":"dataconnect"},"message":"E0321 11:10:05.444430    9596 watch.go:40] Failed to load config from \"c:\\\\Users\\\\Robbe\\\\Documents\\\\Touch-grass\\\\Touch-Grass\\\\dataconnect\": could not find dataconnect.yaml in `c:\\Users\\Robbe\\Documents\\Touch-grass\\Touch-Grass\\dataconnect`\n"}}
[debug] [2026-03-21T10:10:15.452Z] E0321 11:10:15.442099    9596 watch.go:40] Failed to load config from "c:\\Users\\Robbe\\Documents\\Touch-grass\\Touch-Grass\\dataconnect": could not find dataconnect.yaml in `c:\Users\Robbe\Documents\Touch-grass\Touch-Grass\dataconnect`
 {"metadata":{"emulator":{"name":"dataconnect"},"message":"E0321 11:10:15.442099    9596 watch.go:40] Failed to load config from \"c:\\\\Users\\\\Robbe\\\\Documents\\\\Touch-grass\\\\Touch-Grass\\\\dataconnect\": could not find dataconnect.yaml in `c:\\Users\\Robbe\\Documents\\Touch-grass\\Touch-Grass\\dataconnect`\n"}}
[debug] [2026-03-21T10:10:25.452Z] E0321 11:10:25.440086    9596 watch.go:40] Failed to load config from "c:\\Users\\Robbe\\Documents\\Touch-grass\\Touch-Grass\\dataconnect": could not find dataconnect.yaml in `c:\Users\Robbe\Documents\Touch-grass\Touch-Grass\dataconnect`
 {"metadata":{"emulator":{"name":"dataconnect"},"message":"E0321 11:10:25.440086    9596 watch.go:40] Failed to load config from \"c:\\\\Users\\\\Robbe\\\\Documents\\\\Touch-grass\\\\Touch-Grass\\\\dataconnect\": could not find dataconnect.yaml in `c:\\Users\\Robbe\\Documents\\Touch-grass\\Touch-Grass\\dataconnect`\n"}}
[debug] [2026-03-21T10:10:35.440Z] E0321 11:10:35.438298    9596 watch.go:116] watchAllDir unable to walk dir `c:\Users\Robbe\Documents\Touch-grass\Touch-Grass\dataconnect`: CreateFile c:\Users\Robbe\Documents\Touch-grass\Touch-Grass\dataconnect: The system cannot find the file specified.
 {"metadata":{"emulator":{"name":"dataconnect"},"message":"E0321 11:10:35.438298    9596 watch.go:116] watchAllDir unable to walk dir `c:\\Users\\Robbe\\Documents\\Touch-grass\\Touch-Grass\\dataconnect`: CreateFile c:\\Users\\Robbe\\Documents\\Touch-grass\\Touch-Grass\\dataconnect: The system cannot find the file specified.\n"}}
[debug] [2026-03-21T10:10:35.441Z] E0321 11:10:35.438298    9596 watch.go:40] Failed to load config from "c:\\Users\\Robbe\\Documents\\Touch-grass\\Touch-Grass\\dataconnect": could not find dataconnect.yaml in `c:\Users\Robbe\Documents\Touch-grass\Touch-Grass\dataconnect`
 {"metadata":{"emulator":{"name":"dataconnect"},"message":"E0321 11:10:35.438298    9596 watch.go:40] Failed to load config from \"c:\\\\Users\\\\Robbe\\\\Documents\\\\Touch-grass\\\\Touch-Grass\\\\dataconnect\": could not find dataconnect.yaml in `c:\\Users\\Robbe\\Documents\\Touch-grass\\Touch-Grass\\dataconnect`\n"}}
[debug] [2026-03-21T10:10:45.441Z] E0321 11:10:45.436463    9596 watch.go:40] Failed to load config from "c:\\Users\\Robbe\\Documents\\Touch-grass\\Touch-Grass\\dataconnect": could not find dataconnect.yaml in `c:\Users\Robbe\Documents\Touch-grass\Touch-Grass\dataconnect`
 {"metadata":{"emulator":{"name":"dataconnect"},"message":"E0321 11:10:45.436463    9596 watch.go:40] Failed to load config from \"c:\\\\Users\\\\Robbe\\\\Documents\\\\Touch-grass\\\\Touch-Grass\\\\dataconnect\": could not find dataconnect.yaml in `c:\\Users\\Robbe\\Documents\\Touch-grass\\Touch-Grass\\dataconnect`\n"}}
[debug] [2026-03-21T10:10:55.440Z] E0321 11:10:55.434238    9596 watch.go:40] Failed to load config from "c:\\Users\\Robbe\\Documents\\Touch-grass\\Touch-Grass\\dataconnect": could not find dataconnect.yaml in `c:\Users\Robbe\Documents\Touch-grass\Touch-Grass\dataconnect`
 {"metadata":{"emulator":{"name":"dataconnect"},"message":"E0321 11:10:55.434238    9596 watch.go:40] Failed to load config from \"c:\\\\Users\\\\Robbe\\\\Documents\\\\Touch-grass\\\\Touch-Grass\\\\dataconnect\": could not find dataconnect.yaml in `c:\\Users\\Robbe\\Documents\\Touch-grass\\Touch-Grass\\dataconnect`\n"}}
[debug] [2026-03-21T10:11:05.440Z] E0321 11:11:05.432245    9596 watch.go:40] Failed to load config from "c:\\Users\\Robbe\\Documents\\Touch-grass\\Touch-Grass\\dataconnect": could not find dataconnect.yaml in `c:\Users\Robbe\Documents\Touch-grass\Touch-Grass\dataconnect`
 {"metadata":{"emulator":{"name":"dataconnect"},"message":"E0321 11:11:05.432245    9596 watch.go:40] Failed to load config from \"c:\\\\Users\\\\Robbe\\\\Documents\\\\Touch-grass\\\\Touch-Grass\\\\dataconnect\": could not find dataconnect.yaml in `c:\\Users\\Robbe\\Documents\\Touch-grass\\Touch-Grass\\dataconnect`\n"}}
[debug] [2026-03-21T10:11:15.440Z] E0321 11:11:15.430022    9596 watch.go:40] Failed to load config from "c:\\Users\\Robbe\\Documents\\Touch-grass\\Touch-Grass\\dataconnect": could not find dataconnect.yaml in `c:\Users\Robbe\Documents\Touch-grass\Touch-Grass\dataconnect`
 {"metadata":{"emulator":{"name":"dataconnect"},"message":"E0321 11:11:15.430022    9596 watch.go:40] Failed to load config from \"c:\\\\Users\\\\Robbe\\\\Documents\\\\Touch-grass\\\\Touch-Grass\\\\dataconnect\": could not find dataconnect.yaml in `c:\\Users\\Robbe\\Documents\\Touch-grass\\Touch-Grass\\dataconnect`\n"}}
[debug] [2026-03-21T10:11:25.440Z] E0321 11:11:25.427940    9596 watch.go:40] Failed to load config from "c:\\Users\\Robbe\\Documents\\Touch-grass\\Touch-Grass\\dataconnect": could not find dataconnect.yaml in `c:\Users\Robbe\Documents\Touch-grass\Touch-Grass\dataconnect`
 {"metadata":{"emulator":{"name":"dataconnect"},"message":"E0321 11:11:25.427940    9596 watch.go:40] Failed to load config from \"c:\\\\Users\\\\Robbe\\\\Documents\\\\Touch-grass\\\\Touch-Grass\\\\dataconnect\": could not find dataconnect.yaml in `c:\\Users\\Robbe\\Documents\\Touch-grass\\Touch-Grass\\dataconnect`\n"}}
[debug] [2026-03-21T10:11:35.428Z] E0321 11:11:35.426231    9596 watch.go:116] watchAllDir unable to walk dir `c:\Users\Robbe\Documents\Touch-grass\Touch-Grass\dataconnect`: CreateFile c:\Users\Robbe\Documents\Touch-grass\Touch-Grass\dataconnect: The system cannot find the file specified.
 {"metadata":{"emulator":{"name":"dataconnect"},"message":"E0321 11:11:35.426231    9596 watch.go:116] watchAllDir unable to walk dir `c:\\Users\\Robbe\\Documents\\Touch-grass\\Touch-Grass\\dataconnect`: CreateFile c:\\Users\\Robbe\\Documents\\Touch-grass\\Touch-Grass\\dataconnect: The system cannot find the file specified.\n"}}
[debug] [2026-03-21T10:11:35.429Z] E0321 11:11:35.426231    9596 watch.go:40] Failed to load config from "c:\\Users\\Robbe\\Documents\\Touch-grass\\Touch-Grass\\dataconnect": could not find dataconnect.yaml in `c:\Users\Robbe\Documents\Touch-grass\Touch-Grass\dataconnect`
 {"metadata":{"emulator":{"name":"dataconnect"},"message":"E0321 11:11:35.426231    9596 watch.go:40] Failed to load config from \"c:\\\\Users\\\\Robbe\\\\Documents\\\\Touch-grass\\\\Touch-Grass\\\\dataconnect\": could not find dataconnect.yaml in `c:\\Users\\Robbe\\Documents\\Touch-grass\\Touch-Grass\\dataconnect`\n"}}
[debug] [2026-03-21T10:11:45.428Z] E0321 11:11:45.423944    9596 watch.go:40] Failed to load config from "c:\\Users\\Robbe\\Documents\\Touch-grass\\Touch-Grass\\dataconnect": could not find dataconnect.yaml in `c:\Users\Robbe\Documents\Touch-grass\Touch-Grass\dataconnect`
 {"metadata":{"emulator":{"name":"dataconnect"},"message":"E0321 11:11:45.423944    9596 watch.go:40] Failed to load config from \"c:\\\\Users\\\\Robbe\\\\Documents\\\\Touch-grass\\\\Touch-Grass\\\\dataconnect\": could not find dataconnect.yaml in `c:\\Users\\Robbe\\Documents\\Touch-grass\\Touch-Grass\\dataconnect`\n"}}
[debug] [2026-03-21T10:11:55.428Z] E0321 11:11:55.421845    9596 watch.go:40] Failed to load config from "c:\\Users\\Robbe\\Documents\\Touch-grass\\Touch-Grass\\dataconnect": could not find dataconnect.yaml in `c:\Users\Robbe\Documents\Touch-grass\Touch-Grass\dataconnect`
 {"metadata":{"emulator":{"name":"dataconnect"},"message":"E0321 11:11:55.421845    9596 watch.go:40] Failed to load config from \"c:\\\\Users\\\\Robbe\\\\Documents\\\\Touch-grass\\\\Touch-Grass\\\\dataconnect\": could not find dataconnect.yaml in `c:\\Users\\Robbe\\Documents\\Touch-grass\\Touch-Grass\\dataconnect`\n"}}
[debug] [2026-03-21T10:12:05.428Z] E0321 11:12:05.419707    9596 watch.go:40] Failed to load config from "c:\\Users\\Robbe\\Documents\\Touch-grass\\Touch-Grass\\dataconnect": could not find dataconnect.yaml in `c:\Users\Robbe\Documents\Touch-grass\Touch-Grass\dataconnect`
 {"metadata":{"emulator":{"name":"dataconnect"},"message":"E0321 11:12:05.419707    9596 watch.go:40] Failed to load config from \"c:\\\\Users\\\\Robbe\\\\Documents\\\\Touch-grass\\\\Touch-Grass\\\\dataconnect\": could not find dataconnect.yaml in `c:\\Users\\Robbe\\Documents\\Touch-grass\\Touch-Grass\\dataconnect`\n"}}
[debug] [2026-03-21T10:12:15.428Z] E0321 11:12:15.417835    9596 watch.go:40] Failed to load config from "c:\\Users\\Robbe\\Documents\\Touch-grass\\Touch-Grass\\dataconnect": could not find dataconnect.yaml in `c:\Users\Robbe\Documents\Touch-grass\Touch-Grass\dataconnect`
 {"metadata":{"emulator":{"name":"dataconnect"},"message":"E0321 11:12:15.417835    9596 watch.go:40] Failed to load config from \"c:\\\\Users\\\\Robbe\\\\Documents\\\\Touch-grass\\\\Touch-Grass\\\\dataconnect\": could not find dataconnect.yaml in `c:\\Users\\Robbe\\Documents\\Touch-grass\\Touch-Grass\\dataconnect`\n"}}
[debug] [2026-03-21T10:12:25.428Z] E0321 11:12:25.415987    9596 watch.go:40] Failed to load config from "c:\\Users\\Robbe\\Documents\\Touch-grass\\Touch-Grass\\dataconnect": could not find dataconnect.yaml in `c:\Users\Robbe\Documents\Touch-grass\Touch-Grass\dataconnect`
 {"metadata":{"emulator":{"name":"dataconnect"},"message":"E0321 11:12:25.415987    9596 watch.go:40] Failed to load config from \"c:\\\\Users\\\\Robbe\\\\Documents\\\\Touch-grass\\\\Touch-Grass\\\\dataconnect\": could not find dataconnect.yaml in `c:\\Users\\Robbe\\Documents\\Touch-grass\\Touch-Grass\\dataconnect`\n"}}
[debug] [2026-03-21T10:12:35.415Z] E0321 11:12:35.413588    9596 watch.go:116] watchAllDir unable to walk dir `c:\Users\Robbe\Documents\Touch-grass\Touch-Grass\dataconnect`: CreateFile c:\Users\Robbe\Documents\Touch-grass\Touch-Grass\dataconnect: The system cannot find the file specified.
 {"metadata":{"emulator":{"name":"dataconnect"},"message":"E0321 11:12:35.413588    9596 watch.go:116] watchAllDir unable to walk dir `c:\\Users\\Robbe\\Documents\\Touch-grass\\Touch-Grass\\dataconnect`: CreateFile c:\\Users\\Robbe\\Documents\\Touch-grass\\Touch-Grass\\dataconnect: The system cannot find the file specified.\n"}}
[debug] [2026-03-21T10:12:35.415Z] E0321 11:12:35.413588    9596 watch.go:40] Failed to load config from "c:\\Users\\Robbe\\Documents\\Touch-grass\\Touch-Grass\\dataconnect": could not find dataconnect.yaml in `c:\Users\Robbe\Documents\Touch-grass\Touch-Grass\dataconnect`
 {"metadata":{"emulator":{"name":"dataconnect"},"message":"E0321 11:12:35.413588    9596 watch.go:40] Failed to load config from \"c:\\\\Users\\\\Robbe\\\\Documents\\\\Touch-grass\\\\Touch-Grass\\\\dataconnect\": could not find dataconnect.yaml in `c:\\Users\\Robbe\\Documents\\Touch-grass\\Touch-Grass\\dataconnect`\n"}}
[debug] [2026-03-21T10:12:45.415Z] E0321 11:12:45.411601    9596 watch.go:40] Failed to load config from "c:\\Users\\Robbe\\Documents\\Touch-grass\\Touch-Grass\\dataconnect": could not find dataconnect.yaml in `c:\Users\Robbe\Documents\Touch-grass\Touch-Grass\dataconnect`
 {"metadata":{"emulator":{"name":"dataconnect"},"message":"E0321 11:12:45.411601    9596 watch.go:40] Failed to load config from \"c:\\\\Users\\\\Robbe\\\\Documents\\\\Touch-grass\\\\Touch-Grass\\\\dataconnect\": could not find dataconnect.yaml in `c:\\Users\\Robbe\\Documents\\Touch-grass\\Touch-Grass\\dataconnect`\n"}}
[debug] [2026-03-21T10:12:55.416Z] E0321 11:12:55.409917    9596 watch.go:40] Failed to load config from "c:\\Users\\Robbe\\Documents\\Touch-grass\\Touch-Grass\\dataconnect": could not find dataconnect.yaml in `c:\Users\Robbe\Documents\Touch-grass\Touch-Grass\dataconnect`
 {"metadata":{"emulator":{"name":"dataconnect"},"message":"E0321 11:12:55.409917    9596 watch.go:40] Failed to load config from \"c:\\\\Users\\\\Robbe\\\\Documents\\\\Touch-grass\\\\Touch-Grass\\\\dataconnect\": could not find dataconnect.yaml in `c:\\Users\\Robbe\\Documents\\Touch-grass\\Touch-Grass\\dataconnect`\n"}}
[debug] [2026-03-21T10:13:05.415Z] E0321 11:13:05.407791    9596 watch.go:40] Failed to load config from "c:\\Users\\Robbe\\Documents\\Touch-grass\\Touch-Grass\\dataconnect": could not find dataconnect.yaml in `c:\Users\Robbe\Documents\Touch-grass\Touch-Grass\dataconnect`
 {"metadata":{"emulator":{"name":"dataconnect"},"message":"E0321 11:13:05.407791    9596 watch.go:40] Failed to load config from \"c:\\\\Users\\\\Robbe\\\\Documents\\\\Touch-grass\\\\Touch-Grass\\\\dataconnect\": could not find dataconnect.yaml in `c:\\Users\\Robbe\\Documents\\Touch-grass\\Touch-Grass\\dataconnect`\n"}}
[debug] [2026-03-21T10:13:15.415Z] E0321 11:13:15.405481    9596 watch.go:40] Failed to load config from "c:\\Users\\Robbe\\Documents\\Touch-grass\\Touch-Grass\\dataconnect": could not find dataconnect.yaml in `c:\Users\Robbe\Documents\Touch-grass\Touch-Grass\dataconnect`
 {"metadata":{"emulator":{"name":"dataconnect"},"message":"E0321 11:13:15.405481    9596 watch.go:40] Failed to load config from \"c:\\\\Users\\\\Robbe\\\\Documents\\\\Touch-grass\\\\Touch-Grass\\\\dataconnect\": could not find dataconnect.yaml in `c:\\Users\\Robbe\\Documents\\Touch-grass\\Touch-Grass\\dataconnect`\n"}}
[debug] [2026-03-21T10:13:25.415Z] E0321 11:13:25.403805    9596 watch.go:40] Failed to load config from "c:\\Users\\Robbe\\Documents\\Touch-grass\\Touch-Grass\\dataconnect": could not find dataconnect.yaml in `c:\Users\Robbe\Documents\Touch-grass\Touch-Grass\dataconnect`
 {"metadata":{"emulator":{"name":"dataconnect"},"message":"E0321 11:13:25.403805    9596 watch.go:40] Failed to load config from \"c:\\\\Users\\\\Robbe\\\\Documents\\\\Touch-grass\\\\Touch-Grass\\\\dataconnect\": could not find dataconnect.yaml in `c:\\Users\\Robbe\\Documents\\Touch-grass\\Touch-Grass\\dataconnect`\n"}}
[debug] [2026-03-21T10:13:35.403Z] E0321 11:13:35.401486    9596 watch.go:116] watchAllDir unable to walk dir `c:\Users\Robbe\Documents\Touch-grass\Touch-Grass\dataconnect`: CreateFile c:\Users\Robbe\Documents\Touch-grass\Touch-Grass\dataconnect: The system cannot find the file specified.
 {"metadata":{"emulator":{"name":"dataconnect"},"message":"E0321 11:13:35.401486    9596 watch.go:116] watchAllDir unable to walk dir `c:\\Users\\Robbe\\Documents\\Touch-grass\\Touch-Grass\\dataconnect`: CreateFile c:\\Users\\Robbe\\Documents\\Touch-grass\\Touch-Grass\\dataconnect: The system cannot find the file specified.\n"}}
[debug] [2026-03-21T10:13:35.403Z] E0321 11:13:35.401486    9596 watch.go:40] Failed to load config from "c:\\Users\\Robbe\\Documents\\Touch-grass\\Touch-Grass\\dataconnect": could not find dataconnect.yaml in `c:\Users\Robbe\Documents\Touch-grass\Touch-Grass\dataconnect`
 {"metadata":{"emulator":{"name":"dataconnect"},"message":"E0321 11:13:35.401486    9596 watch.go:40] Failed to load config from \"c:\\\\Users\\\\Robbe\\\\Documents\\\\Touch-grass\\\\Touch-Grass\\\\dataconnect\": could not find dataconnect.yaml in `c:\\Users\\Robbe\\Documents\\Touch-grass\\Touch-Grass\\dataconnect`\n"}}
[debug] [2026-03-21T10:13:45.403Z] E0321 11:13:45.399451    9596 watch.go:40] Failed to load config from "c:\\Users\\Robbe\\Documents\\Touch-grass\\Touch-Grass\\dataconnect": could not find dataconnect.yaml in `c:\Users\Robbe\Documents\Touch-grass\Touch-Grass\dataconnect`
 {"metadata":{"emulator":{"name":"dataconnect"},"message":"E0321 11:13:45.399451    9596 watch.go:40] Failed to load config from \"c:\\\\Users\\\\Robbe\\\\Documents\\\\Touch-grass\\\\Touch-Grass\\\\dataconnect\": could not find dataconnect.yaml in `c:\\Users\\Robbe\\Documents\\Touch-grass\\Touch-Grass\\dataconnect`\n"}}
[debug] [2026-03-21T10:13:55.403Z] E0321 11:13:55.397667    9596 watch.go:40] Failed to load config from "c:\\Users\\Robbe\\Documents\\Touch-grass\\Touch-Grass\\dataconnect": could not find dataconnect.yaml in `c:\Users\Robbe\Documents\Touch-grass\Touch-Grass\dataconnect`
 {"metadata":{"emulator":{"name":"dataconnect"},"message":"E0321 11:13:55.397667    9596 watch.go:40] Failed to load config from \"c:\\\\Users\\\\Robbe\\\\Documents\\\\Touch-grass\\\\Touch-Grass\\\\dataconnect\": could not find dataconnect.yaml in `c:\\Users\\Robbe\\Documents\\Touch-grass\\Touch-Grass\\dataconnect`\n"}}
[debug] [2026-03-21T10:14:05.403Z] E0321 11:14:05.395337    9596 watch.go:40] Failed to load config from "c:\\Users\\Robbe\\Documents\\Touch-grass\\Touch-Grass\\dataconnect": could not find dataconnect.yaml in `c:\Users\Robbe\Documents\Touch-grass\Touch-Grass\dataconnect`
 {"metadata":{"emulator":{"name":"dataconnect"},"message":"E0321 11:14:05.395337    9596 watch.go:40] Failed to load config from \"c:\\\\Users\\\\Robbe\\\\Documents\\\\Touch-grass\\\\Touch-Grass\\\\dataconnect\": could not find dataconnect.yaml in `c:\\Users\\Robbe\\Documents\\Touch-grass\\Touch-Grass\\dataconnect`\n"}}
[debug] [2026-03-21T10:14:15.403Z] E0321 11:14:15.393614    9596 watch.go:40] Failed to load config from "c:\\Users\\Robbe\\Documents\\Touch-grass\\Touch-Grass\\dataconnect": could not find dataconnect.yaml in `c:\Users\Robbe\Documents\Touch-grass\Touch-Grass\dataconnect`
 {"metadata":{"emulator":{"name":"dataconnect"},"message":"E0321 11:14:15.393614    9596 watch.go:40] Failed to load config from \"c:\\\\Users\\\\Robbe\\\\Documents\\\\Touch-grass\\\\Touch-Grass\\\\dataconnect\": could not find dataconnect.yaml in `c:\\Users\\Robbe\\Documents\\Touch-grass\\Touch-Grass\\dataconnect`\n"}}
[debug] [2026-03-21T10:14:25.403Z] E0321 11:14:25.391276    9596 watch.go:40] Failed to load config from "c:\\Users\\Robbe\\Documents\\Touch-grass\\Touch-Grass\\dataconnect": could not find dataconnect.yaml in `c:\Users\Robbe\Documents\Touch-grass\Touch-Grass\dataconnect`
 {"metadata":{"emulator":{"name":"dataconnect"},"message":"E0321 11:14:25.391276    9596 watch.go:40] Failed to load config from \"c:\\\\Users\\\\Robbe\\\\Documents\\\\Touch-grass\\\\Touch-Grass\\\\dataconnect\": could not find dataconnect.yaml in `c:\\Users\\Robbe\\Documents\\Touch-grass\\Touch-Grass\\dataconnect`\n"}}
[debug] [2026-03-21T10:14:35.390Z] E0321 11:14:35.389772    9596 watch.go:116] watchAllDir unable to walk dir `c:\Users\Robbe\Documents\Touch-grass\Touch-Grass\dataconnect`: CreateFile c:\Users\Robbe\Documents\Touch-grass\Touch-Grass\dataconnect: The system cannot find the file specified.
E0321 11:14:35.389772    9596 watch.go:40] Failed to load config from "c:\\Users\\Robbe\\Documents\\Touch-grass\\Touch-Grass\\dataconnect": could not find dataconnect.yaml in `c:\Users\Robbe\Documents\Touch-grass\Touch-Grass\dataconnect`
 {"metadata":{"emulator":{"name":"dataconnect"},"message":"E0321 11:14:35.389772    9596 watch.go:116] watchAllDir unable to walk dir `c:\\Users\\Robbe\\Documents\\Touch-grass\\Touch-Grass\\dataconnect`: CreateFile c:\\Users\\Robbe\\Documents\\Touch-grass\\Touch-Grass\\dataconnect: The system cannot find the file specified.\nE0321 11:14:35.389772    9596 watch.go:40] Failed to load config from \"c:\\\\Users\\\\Robbe\\\\Documents\\\\Touch-grass\\\\Touch-Grass\\\\dataconnect\": could not find dataconnect.yaml in `c:\\Users\\Robbe\\Documents\\Touch-grass\\Touch-Grass\\dataconnect`\n"}}
[debug] [2026-03-21T10:14:45.389Z] E0321 11:14:45.387454    9596 watch.go:40] Failed to load config from "c:\\Users\\Robbe\\Documents\\Touch-grass\\Touch-Grass\\dataconnect": could not find dataconnect.yaml in `c:\Users\Robbe\Documents\Touch-grass\Touch-Grass\dataconnect`
 {"metadata":{"emulator":{"name":"dataconnect"},"message":"E0321 11:14:45.387454    9596 watch.go:40] Failed to load config from \"c:\\\\Users\\\\Robbe\\\\Documents\\\\Touch-grass\\\\Touch-Grass\\\\dataconnect\": could not find dataconnect.yaml in `c:\\Users\\Robbe\\Documents\\Touch-grass\\Touch-Grass\\dataconnect`\n"}}
[debug] [2026-03-21T10:14:55.389Z] E0321 11:14:55.385004    9596 watch.go:40] Failed to load config from "c:\\Users\\Robbe\\Documents\\Touch-grass\\Touch-Grass\\dataconnect": could not find dataconnect.yaml in `c:\Users\Robbe\Documents\Touch-grass\Touch-Grass\dataconnect`
 {"metadata":{"emulator":{"name":"dataconnect"},"message":"E0321 11:14:55.385004    9596 watch.go:40] Failed to load config from \"c:\\\\Users\\\\Robbe\\\\Documents\\\\Touch-grass\\\\Touch-Grass\\\\dataconnect\": could not find dataconnect.yaml in `c:\\Users\\Robbe\\Documents\\Touch-grass\\Touch-Grass\\dataconnect`\n"}}
[debug] [2026-03-21T10:15:05.389Z] E0321 11:15:05.383101    9596 watch.go:40] Failed to load config from "c:\\Users\\Robbe\\Documents\\Touch-grass\\Touch-Grass\\dataconnect": could not find dataconnect.yaml in `c:\Users\Robbe\Documents\Touch-grass\Touch-Grass\dataconnect`
 {"metadata":{"emulator":{"name":"dataconnect"},"message":"E0321 11:15:05.383101    9596 watch.go:40] Failed to load config from \"c:\\\\Users\\\\Robbe\\\\Documents\\\\Touch-grass\\\\Touch-Grass\\\\dataconnect\": could not find dataconnect.yaml in `c:\\Users\\Robbe\\Documents\\Touch-grass\\Touch-Grass\\dataconnect`\n"}}
[debug] [2026-03-21T10:15:15.389Z] E0321 11:15:15.381206    9596 watch.go:40] Failed to load config from "c:\\Users\\Robbe\\Documents\\Touch-grass\\Touch-Grass\\dataconnect": could not find dataconnect.yaml in `c:\Users\Robbe\Documents\Touch-grass\Touch-Grass\dataconnect`
 {"metadata":{"emulator":{"name":"dataconnect"},"message":"E0321 11:15:15.381206    9596 watch.go:40] Failed to load config from \"c:\\\\Users\\\\Robbe\\\\Documents\\\\Touch-grass\\\\Touch-Grass\\\\dataconnect\": could not find dataconnect.yaml in `c:\\Users\\Robbe\\Documents\\Touch-grass\\Touch-Grass\\dataconnect`\n"}}
[debug] [2026-03-21T10:15:25.389Z] E0321 11:15:25.378995    9596 watch.go:40] Failed to load config from "c:\\Users\\Robbe\\Documents\\Touch-grass\\Touch-Grass\\dataconnect": could not find dataconnect.yaml in `c:\Users\Robbe\Documents\Touch-grass\Touch-Grass\dataconnect`
 {"metadata":{"emulator":{"name":"dataconnect"},"message":"E0321 11:15:25.378995    9596 watch.go:40] Failed to load config from \"c:\\\\Users\\\\Robbe\\\\Documents\\\\Touch-grass\\\\Touch-Grass\\\\dataconnect\": could not find dataconnect.yaml in `c:\\Users\\Robbe\\Documents\\Touch-grass\\Touch-Grass\\dataconnect`\n"}}
[debug] [2026-03-21T10:15:35.389Z] E0321 11:15:35.376839    9596 watch.go:116] watchAllDir unable to walk dir `c:\Users\Robbe\Documents\Touch-grass\Touch-Grass\dataconnect`: CreateFile c:\Users\Robbe\Documents\Touch-grass\Touch-Grass\dataconnect: The system cannot find the file specified.
 {"metadata":{"emulator":{"name":"dataconnect"},"message":"E0321 11:15:35.376839    9596 watch.go:116] watchAllDir unable to walk dir `c:\\Users\\Robbe\\Documents\\Touch-grass\\Touch-Grass\\dataconnect`: CreateFile c:\\Users\\Robbe\\Documents\\Touch-grass\\Touch-Grass\\dataconnect: The system cannot find the file specified.\n"}}
[debug] [2026-03-21T10:15:35.389Z] E0321 11:15:35.376839    9596 watch.go:40] Failed to load config from "c:\\Users\\Robbe\\Documents\\Touch-grass\\Touch-Grass\\dataconnect": could not find dataconnect.yaml in `c:\Users\Robbe\Documents\Touch-grass\Touch-Grass\dataconnect`
 {"metadata":{"emulator":{"name":"dataconnect"},"message":"E0321 11:15:35.376839    9596 watch.go:40] Failed to load config from \"c:\\\\Users\\\\Robbe\\\\Documents\\\\Touch-grass\\\\Touch-Grass\\\\dataconnect\": could not find dataconnect.yaml in `c:\\Users\\Robbe\\Documents\\Touch-grass\\Touch-Grass\\dataconnect`\n"}}
[debug] [2026-03-21T10:15:45.374Z] E0321 11:15:45.374857    9596 watch.go:40] Failed to load config from "c:\\Users\\Robbe\\Documents\\Touch-grass\\Touch-Grass\\dataconnect": could not find dataconnect.yaml in `c:\Users\Robbe\Documents\Touch-grass\Touch-Grass\dataconnect`
 {"metadata":{"emulator":{"name":"dataconnect"},"message":"E0321 11:15:45.374857    9596 watch.go:40] Failed to load config from \"c:\\\\Users\\\\Robbe\\\\Documents\\\\Touch-grass\\\\Touch-Grass\\\\dataconnect\": could not find dataconnect.yaml in `c:\\Users\\Robbe\\Documents\\Touch-grass\\Touch-Grass\\dataconnect`\n"}}
[debug] [2026-03-21T10:15:55.375Z] E0321 11:15:55.373042    9596 watch.go:40] Failed to load config from "c:\\Users\\Robbe\\Documents\\Touch-grass\\Touch-Grass\\dataconnect": could not find dataconnect.yaml in `c:\Users\Robbe\Documents\Touch-grass\Touch-Grass\dataconnect`
 {"metadata":{"emulator":{"name":"dataconnect"},"message":"E0321 11:15:55.373042    9596 watch.go:40] Failed to load config from \"c:\\\\Users\\\\Robbe\\\\Documents\\\\Touch-grass\\\\Touch-Grass\\\\dataconnect\": could not find dataconnect.yaml in `c:\\Users\\Robbe\\Documents\\Touch-grass\\Touch-Grass\\dataconnect`\n"}}
[debug] [2026-03-21T10:16:05.375Z] E0321 11:16:05.371124    9596 watch.go:40] Failed to load config from "c:\\Users\\Robbe\\Documents\\Touch-grass\\Touch-Grass\\dataconnect": could not find dataconnect.yaml in `c:\Users\Robbe\Documents\Touch-grass\Touch-Grass\dataconnect`
 {"metadata":{"emulator":{"name":"dataconnect"},"message":"E0321 11:16:05.371124    9596 watch.go:40] Failed to load config from \"c:\\\\Users\\\\Robbe\\\\Documents\\\\Touch-grass\\\\Touch-Grass\\\\dataconnect\": could not find dataconnect.yaml in `c:\\Users\\Robbe\\Documents\\Touch-grass\\Touch-Grass\\dataconnect`\n"}}
[debug] [2026-03-21T10:16:15.374Z] E0321 11:16:15.368706    9596 watch.go:40] Failed to load config from "c:\\Users\\Robbe\\Documents\\Touch-grass\\Touch-Grass\\dataconnect": could not find dataconnect.yaml in `c:\Users\Robbe\Documents\Touch-grass\Touch-Grass\dataconnect`
 {"metadata":{"emulator":{"name":"dataconnect"},"message":"E0321 11:16:15.368706    9596 watch.go:40] Failed to load config from \"c:\\\\Users\\\\Robbe\\\\Documents\\\\Touch-grass\\\\Touch-Grass\\\\dataconnect\": could not find dataconnect.yaml in `c:\\Users\\Robbe\\Documents\\Touch-grass\\Touch-Grass\\dataconnect`\n"}}
[debug] [2026-03-21T10:16:25.375Z] E0321 11:16:25.366807    9596 watch.go:40] Failed to load config from "c:\\Users\\Robbe\\Documents\\Touch-grass\\Touch-Grass\\dataconnect": could not find dataconnect.yaml in `c:\Users\Robbe\Documents\Touch-grass\Touch-Grass\dataconnect`
 {"metadata":{"emulator":{"name":"dataconnect"},"message":"E0321 11:16:25.366807    9596 watch.go:40] Failed to load config from \"c:\\\\Users\\\\Robbe\\\\Documents\\\\Touch-grass\\\\Touch-Grass\\\\dataconnect\": could not find dataconnect.yaml in `c:\\Users\\Robbe\\Documents\\Touch-grass\\Touch-Grass\\dataconnect`\n"}}
[debug] [2026-03-21T10:16:35.374Z] E0321 11:16:35.364731    9596 watch.go:116] watchAllDir unable to walk dir `c:\Users\Robbe\Documents\Touch-grass\Touch-Grass\dataconnect`: CreateFile c:\Users\Robbe\Documents\Touch-grass\Touch-Grass\dataconnect: The system cannot find the file specified.
 {"metadata":{"emulator":{"name":"dataconnect"},"message":"E0321 11:16:35.364731    9596 watch.go:116] watchAllDir unable to walk dir `c:\\Users\\Robbe\\Documents\\Touch-grass\\Touch-Grass\\dataconnect`: CreateFile c:\\Users\\Robbe\\Documents\\Touch-grass\\Touch-Grass\\dataconnect: The system cannot find the file specified.\n"}}
[debug] [2026-03-21T10:16:35.375Z] E0321 11:16:35.364731    9596 watch.go:40] Failed to load config from "c:\\Users\\Robbe\\Documents\\Touch-grass\\Touch-Grass\\dataconnect": could not find dataconnect.yaml in `c:\Users\Robbe\Documents\Touch-grass\Touch-Grass\dataconnect`
 {"metadata":{"emulator":{"name":"dataconnect"},"message":"E0321 11:16:35.364731    9596 watch.go:40] Failed to load config from \"c:\\\\Users\\\\Robbe\\\\Documents\\\\Touch-grass\\\\Touch-Grass\\\\dataconnect\": could not find dataconnect.yaml in `c:\\Users\\Robbe\\Documents\\Touch-grass\\Touch-Grass\\dataconnect`\n"}}
[debug] [2026-03-21T10:16:45.362Z] E0321 11:16:45.362865    9596 watch.go:40] Failed to load config from "c:\\Users\\Robbe\\Documents\\Touch-grass\\Touch-Grass\\dataconnect": could not find dataconnect.yaml in `c:\Users\Robbe\Documents\Touch-grass\Touch-Grass\dataconnect`
 {"metadata":{"emulator":{"name":"dataconnect"},"message":"E0321 11:16:45.362865    9596 watch.go:40] Failed to load config from \"c:\\\\Users\\\\Robbe\\\\Documents\\\\Touch-grass\\\\Touch-Grass\\\\dataconnect\": could not find dataconnect.yaml in `c:\\Users\\Robbe\\Documents\\Touch-grass\\Touch-Grass\\dataconnect`\n"}}
[debug] [2026-03-21T10:16:55.362Z] E0321 11:16:55.360798    9596 watch.go:40] Failed to load config from "c:\\Users\\Robbe\\Documents\\Touch-grass\\Touch-Grass\\dataconnect": could not find dataconnect.yaml in `c:\Users\Robbe\Documents\Touch-grass\Touch-Grass\dataconnect`
 {"metadata":{"emulator":{"name":"dataconnect"},"message":"E0321 11:16:55.360798    9596 watch.go:40] Failed to load config from \"c:\\\\Users\\\\Robbe\\\\Documents\\\\Touch-grass\\\\Touch-Grass\\\\dataconnect\": could not find dataconnect.yaml in `c:\\Users\\Robbe\\Documents\\Touch-grass\\Touch-Grass\\dataconnect`\n"}}
[debug] [2026-03-21T10:17:05.362Z] E0321 11:17:05.358741    9596 watch.go:40] Failed to load config from "c:\\Users\\Robbe\\Documents\\Touch-grass\\Touch-Grass\\dataconnect": could not find dataconnect.yaml in `c:\Users\Robbe\Documents\Touch-grass\Touch-Grass\dataconnect`
 {"metadata":{"emulator":{"name":"dataconnect"},"message":"E0321 11:17:05.358741    9596 watch.go:40] Failed to load config from \"c:\\\\Users\\\\Robbe\\\\Documents\\\\Touch-grass\\\\Touch-Grass\\\\dataconnect\": could not find dataconnect.yaml in `c:\\Users\\Robbe\\Documents\\Touch-grass\\Touch-Grass\\dataconnect`\n"}}
[debug] [2026-03-21T10:17:15.363Z] E0321 11:17:15.357254    9596 watch.go:40] Failed to load config from "c:\\Users\\Robbe\\Documents\\Touch-grass\\Touch-Grass\\dataconnect": could not find dataconnect.yaml in `c:\Users\Robbe\Documents\Touch-grass\Touch-Grass\dataconnect`
 {"metadata":{"emulator":{"name":"dataconnect"},"message":"E0321 11:17:15.357254    9596 watch.go:40] Failed to load config from \"c:\\\\Users\\\\Robbe\\\\Documents\\\\Touch-grass\\\\Touch-Grass\\\\dataconnect\": could not find dataconnect.yaml in `c:\\Users\\Robbe\\Documents\\Touch-grass\\Touch-Grass\\dataconnect`\n"}}
